time,current_x,current_y,current_z,current_magnitude,desired_forward_velocity,desired_lateral_velocity,dvl_forward_velocity_raw,dvl_forward_velocity_used,dvl_lateral_velocity_raw,dvl_lateral_velocity_used,forward_velocity_error,lateral_velocity_error,dvl_distance_estimated,pose_x,pose_y,pose_z,pose_forward_x,pose_forward_y,pose_forward_z,pose_right_x,pose_right_y,pose_right_z,pose_forward_displacement,pose_lateral_drift,pose_ground_truth_displacement,pose_euclidean_displacement,gt_velocity_x,gt_velocity_y,gt_velocity_z,depth_m,cmd_0,cmd_1,cmd_2,cmd_3,cmd_4,cmd_5,cmd_6,cmd_7
0.0,0.0,1.0,0.0,1.0,0.3,0.0,0.04760613664984703,0.04760613664984703,0.09379707276821136,0.09379707276821136,0.25239386335015296,-0.09379707276821136,0.0,0.0,0.008119369857013226,-4.0,1.0,-0.0,0.0,-0.0,1.0,-0.0,0.0,0.0,0.0,0.0,0.0,0.04154511168599129,0.0,-3.93999981880188,0.0,0.0,0.0,0.0,0.0,0.0,0.0,0.0
0.03336059999999996,0.0,1.0,0.0,1.0,0.3,0.0,0.04430859908461571,0.04430859908461571,0.04560784250497818,0.04560784250497818,0.2556914009153843,-0.04560784250497818,0.0014781614506222292,0.0005283374921418726,0.009314680472016335,-4.0,1.0,-0.0,0.0,-0.0,1.0,-0.0,0.0005283374921418726,0.001195310615003109,0.0013068695313388685,0.0013068695313388685,0.015850123018026352,0.03585932403802872,8.326316414081049e-25,-3.93999981880188,0.0,0.0,0.0,0.0,0.8744351267814636,3.1255648732185364,0.8744351267814636,3.1255648732185364
0.06673249999999964,0.0,1.0,0.0,1.0,0.3,0.0,0.1163453757762909,0.1163453757762909,0.0794139951467514,0.0794139951467514,0.1836546242237091,-0.0794139951467514,0.005360827696490994,0.0015648393891751766,0.010481397621333599,-4.0,1.0,-0.0,0.0,-0.0,1.0,-0.0,0.0015648393891751766,0.0023620277643203735,0.0028333544559998917,0.0028333544559998917,0.031095057725906372,0.035001493990421295,8.118158700944249e-25,-3.93999981880188,0.0,0.0,0.0,0.0,1.4527058899402618,2.547294110059738,1.4527058899402618,2.547294110059738
0.1001303999999994,0.0,1.0,0.0,1.0,0.3,0.0,-0.011003253981471062,-0.011003253981471062,0.007365098688751459,0.007365098688751459,0.31100325398147105,-0.007365098688751459,0.004993342120343224,0.003090096637606621,0.011513643898069859,-4.0,1.0,-0.0,0.0,-0.0,1.0,-0.0,0.003090096637606621,0.003394274041056633,0.004590184472931199,0.004590184472931199,0.0457577146589756,0.030967386439442635,7.915205004591579e-25,-3.93999981880188,0.0,0.0,0.0,0.0,1.0470320582389832,2.952967941761017,1.0470320582389832,2.952967941761017
0.1334124999999995,0.0,1.0,0.0,1.0,0.3,0.0,-0.007334261201322079,-0.007334261201322079,0.005283629987388849,0.005283629987388849,0.30733426120132207,-0.005283629987388849,0.004749242505614701,0.00508540915325284,0.012645700946450233,-4.0,1.0,-0.0,0.0,-0.0,1.0,-0.0,0.00508540915325284,0.004526331089437008,0.00680801434980801,0.00680801434980801,0.059859372675418854,0.033961713314056396,-6.089920522942285e-26,-3.93999981880188,0.0,0.0,0.0,0.0,1.9116188157349825,2.0883811842650175,1.9116188157349825,2.0883811842650175
0.1667027000000001,0.0,1.0,0.0,1.0,0.3,0.0,0.10995309054851532,0.10995309054851532,0.04690980538725853,0.04690980538725853,0.19004690945148467,-0.04690980538725853,0.008409602880592951,0.007532837800681591,0.013879993930459023,-4.0,1.0,-0.0,0.0,-0.0,1.0,-0.0,0.007532837800681591,0.005760624073445797,0.009483060426198956,0.009483060426198956,0.0734228566288948,0.03702878579497337,-5.937672217127376e-26,-3.93999981880188,0.0,0.0,0.0,0.0,1.9365964401513338,2.063403559848666,1.9365964401513338,2.063403559848666
0.20004129999999964,0.0,1.0,0.0,1.0,0.3,0.0,0.10344040393829346,0.10344040393829346,0.0006781844422221184,0.0006781844422221184,0.19655959606170653,-0.0006781844422221184,0.011858161131330095,0.010415137745440006,0.015080317854881287,-4.0,1.0,-0.0,0.0,-0.0,1.0,-0.0,0.010415137745440006,0.006960947997868061,0.012527166131472534,0.012527166131472534,0.08646899461746216,0.03600972518324852,-5.789230781477741e-26,-3.93999981880188,0.0,0.0,0.0,0.0,1.4370823353528976,2.5629176646471024,1.4370823353528976,2.5629176646471024
0.23335469999999958,0.0,1.0,0.0,1.0,0.3,0.0,0.10583294928073883,0.10583294928073883,0.03293822333216667,0.03293822333216667,0.19416705071926116,-0.03293822333216667,0.015383816503899053,0.013715671375393867,0.01639486476778984,-4.0,1.0,-0.0,0.0,-0.0,1.0,-0.0,0.013715671375393867,0.008275494910776615,0.016018846940279077,0.016018846940279077,0.09901599586009979,0.03943639248609543,3.59870850783226e-25,-3.93999981880188,0.0,0.0,0.0,0.0,1.9918617866933346,2.0081382133066654,1.9918617866933346,2.0081382133066654
0.2667964999999999,0.0,1.0,0.0,1.0,0.3,0.0,0.14959514141082764,0.14959514141082764,0.04414208605885506,0.04414208605885506,0.15040485858917235,-0.04414208605885506,0.02038654730393171,0.017418498173356056,0.017716649919748306,-4.0,1.0,-0.0,0.0,-0.0,1.0,-0.0,0.017418498173356056,0.00959728006273508,0.019887480062033513,0.019887480062033513,0.11108479648828506,0.03965355083346367,3.5087406472250336e-25,-3.93999981880188,0.0,0.0,0.0,0.0,1.604741320014,2.395258679986,1.604741320014,2.395258679986
0.30004649999999966,0.0,1.0,0.0,1.0,0.3,0.0,0.14526762068271637,0.14526762068271637,0.036929015070199966,0.036929015070199966,0.15473237931728362,-0.036929015070199966,0.025216695691632,0.02150823548436165,0.01901005581021309,-4.0,1.0,-0.0,0.0,-0.0,1.0,-0.0,0.02150823548436165,0.010890685953199863,0.02410832292346314,0.02410832292346314,0.12269209325313568,0.038802213966846466,3.029825903374719e-25,-3.93999981880188,0.0,0.0,0.0,0.0,1.4702949672937393,2.5297050327062607,1.4702949672937393,2.5297050327062607
0.33351859999999967,0.0,1.0,0.0,1.0,0.3,0.0,0.09708242118358612,0.09708242118358612,0.045015182346105576,0.045015182346105576,0.20291757881641387,-0.045015182346105576,0.02846624820173111,0.025970056653022766,0.02029939740896225,-4.0,1.0,-0.0,0.0,-0.0,1.0,-0.0,0.025970056653022766,0.012180027551949024,0.028684436785955017,0.028684436785955017,0.1338546723127365,0.038680218160152435,2.954080218812496e-25,-3.93999981880188,0.0,0.0,0.0,0.0,1.5568518191576004,2.4431481808423996,1.5568518191576004,2.4431481808423996
0.3668813999999996,0.0,1.0,0.0,1.0,0.3,0.0,0.1813856065273285,0.1813856065273285,0.050723858177661896,0.050723858177661896,0.1186143934726715,-0.050723858177661896,0.03451777991518105,0.03078971430659294,0.021559450775384903,-4.0,1.0,-0.0,0.0,-0.0,1.0,-0.0,0.03078971430659294,0.013440080918371677,0.03359527172347312,0.03359527172347312,0.14458969235420227,0.03780160844326019,-5.446088613658245e-25,-3.93999981880188,0.0,0.0,0.0,0.0,1.459817811846733,2.540182188153267,1.459817811846733,2.540182188153267
0.40006309999999967,0.0,1.0,0.0,1.0,0.3,0.0,0.11336172372102737,0.11336172372102737,0.06064128130674362,0.06064128130674362,0.18663827627897261,-0.06064128130674362,0.03827931462317507,0.035953473299741745,0.022773629054427147,-4.0,1.0,-0.0,0.0,-0.0,1.0,-0.0,0.035953473299741745,0.014654259197413921,0.03882524378468515,0.03882524378468515,0.15491273999214172,0.03642531856894493,-5.309936644835822e-25,-3.93999981880188,0.0,0.0,0.0,0.0,1.3913137018680573,2.6086862981319427,1.3913137018680573,2.6086862981319427
0.43347089999999966,0.0,1.0,0.0,1.0,0.3,0.0,0.17585137486457825,0.17585137486457825,0.03223908320069313,0.03223908320069313,0.12414862513542174,-0.03223908320069313,0.04415412218437592,0.04144810140132904,0.023912720382213593,-4.0,1.0,-0.0,0.0,-0.0,1.0,-0.0,0.04144810140132904,0.015793350525200367,0.04435510151703748,0.04435510151703748,0.16483889520168304,0.03417276218533516,-5.177188117781361e-25,-3.93999981880188,0.0,0.0,0.0,0.0,1.2723046243190765,2.7276953756809235,1.2723046243190765,2.7276953756809235
0.46698789999999946,0.0,1.0,0.0,1.0,0.3,0.0,0.19936412572860718,0.19936412572860718,0.059010349214076996,0.059010349214076996,0.10063587427139281,-0.059010349214076996,0.050836209586421606,0.047260843217372894,0.025070257484912872,-4.0,1.0,-0.0,0.0,-0.0,1.0,-0.0,0.047260843217372894,0.016950887627899647,0.05020876310954874,0.05020876310954874,0.1743822693824768,0.0347260907292366,-1.2982878521129502e-24,-3.93999981880188,0.0,0.0,0.0,0.0,1.6131310015916824,2.3868689984083176,1.6131310015916824,2.3868689984083176
0.5001695999999995,0.0,1.0,0.0,1.0,0.3,0.0,0.20068678259849548,0.20068678259849548,0.024579929187893867,0.024579929187893867,0.0993132174015045,-0.024579929187893867,0.05749533820057012,0.053379494696855545,0.026160845533013344,-4.0,1.0,-0.0,0.0,-0.0,1.0,-0.0,0.053379494696855545,0.018041475676000118,0.05634594305413064,0.05634594305413064,0.18355953693389893,0.03271764889359474,-2.0202230800339823e-24,-3.93999981880188,0.0,0.0,0.0,0.0,1.291875809431076,2.708124190568924,1.291875809431076,2.708124190568924
0.5337201,0.0,1.0,0.0,1.0,0.3,0.0,0.16141945123672485,0.16141945123672485,0.029419826343655586,0.029419826343655586,0.13858054876327514,-0.029419826343655586,0.06291104149928795,0.05978861078619957,0.02729678340256214,-4.0,1.0,-0.0,0.0,-0.0,1.0,-0.0,0.05978861078619957,0.019177413545548916,0.0627889414629731,0.0627889414629731,0.19227342307567596,0.03407815098762512,-7.598895940463175e-25,-3.93999981880188,0.0,0.0,0.0,0.0,1.6913051977753637,2.2812234982848167,1.6913051977753637,2.2812234982848167
0.5668242000000001,0.0,1.0,0.0,1.0,0.3,0.0,0.23820781707763672,0.23820781707763672,0.053293146193027496,0.053293146193027496,0.06179218292236327,-0.053293146193027496,0.07079669689660775,0.06648068875074387,0.028461046516895294,-4.0,1.0,-0.0,0.0,-0.0,1.0,-0.0,0.06648068875074387,0.02034167665988207,0.06952313130252745,0.06952313130252745,0.20076224207878113,0.034927885979413986,8.852513261919015e-25,-3.93999981880188,0.0,0.0,0.0,0.0,1.646962083876133,2.353037916123867,1.646962083876133,2.353037916123867
0.6002007999999996,0.0,1.0,0.0,1.0,0.3,0.0,0.20527556538581848,0.20527556538581848,0.017918700352311134,0.017918700352311134,0.09472443461418151,-0.017918700352311134,0.07764809733226397,0.07324299216270447,0.02957700937986374,-4.0,1.0,-0.0,0.0,-0.0,1.0,-0.0,0.07324299216270447,0.021457639522850513,0.07632146614707153,0.07632146614707153,0.20286919176578522,0.03347888961434364,1.2403162391252948e-24,-3.93999981880188,0.0,0.0,0.0,0.0,0.5963259041309354,1.8753614127635954,0.5963259041309354,1.8753614127635954
0.6334425000000001,0.0,1.0,0.0,1.0,0.3,0.0,0.2583114504814148,0.2583114504814148,0.07178632915019989,0.07178632915019989,0.041688549518585194,-0.07178632915019989,0.08623480907573214,0.08024677634239197,0.03075896017253399,-4.0,1.0,-0.0,0.0,-0.0,1.0,-0.0,0.08024677634239197,0.022639590315520763,0.08337923100509204,0.08337923100509204,0.21011340618133545,0.03545849770307541,1.2093083849161593e-24,-3.93999981880188,0.0,0.0,0.0,0.0,1.6794642880558965,2.109513096511364,1.6794642880558965,2.109513096511364
0.6668323999999997,0.0,1.0,0.0,1.0,0.3,0.0,0.256841242313385,0.256841242313385,0.009138775058090687,0.009138775058090687,0.04315875768661498,-0.009138775058090687,0.09481071247245171,0.08720258623361588,0.03183354064822197,-4.0,1.0,-0.0,0.0,-0.0,1.0,-0.0,0.08720258623361588,0.023714170791208744,0.09036953547598787,0.09036953547598787,0.2086743414402008,0.032237399369478226,1.1790756851540166e-24,-3.93999981880188,0.0,0.0,0.0,0.0,-0.027664959430694802,1.6952069401741026,-0.027664959430694802,1.6952069401741026
0.7002772999999998,0.0,1.0,0.0,1.0,0.3,0.0,0.24280133843421936,0.24280133843421936,0.02127932384610176,0.02127932384610176,0.05719866156578063,-0.02127932384610176,0.10293117895625035,0.09411993622779846,0.03300391882658005,-4.0,1.0,-0.0,0.0,-0.0,1.0,-0.0,0.09411993622779846,0.024884548969566822,0.09735400953706846,0.09735400953706846,0.20752045512199402,0.03511132299900055,1.3577566244911019e-24,-3.93999981880188,0.0,0.0,0.0,0.0,0.7535098530352113,0.9728404544293878,0.7535098530352113,0.9728404544293878
0.7335253999999996,0.0,1.0,0.0,1.0,0.3,0.0,0.21549412608146667,0.21549412608146667,0.08134420216083527,0.08134420216083527,0.08450587391853331,-0.08134420216083527,0.11009594920961951,0.10107457637786865,0.03422744199633598,-4.0,1.0,-0.0,0.0,-0.0,1.0,-0.0,0.10107457637786865,0.026108072139322758,0.10439205631080213,0.10439205631080213,0.20863929390907288,0.036705758422613144,2.117324757718542e-24,-3.93999981880188,0.0,0.0,0.0,0.0,0.8886213451623914,1.3993251174688337,0.8886213451623914,1.3993251174688337
0.7669001999999994,0.0,1.0,0.0,1.0,0.3,0.0,0.18700668215751648,0.18700668215751648,0.021307257935404778,0.021307257935404778,0.11299331784248351,-0.021307257935404778,0.11633725982529017,0.10820940881967545,0.03531146049499512,-4.0,1.0,-0.0,0.0,-0.0,1.0,-0.0,0.10820940881967545,0.02719209063798189,0.11157367946952308,0.11157367946952308,0.21404489874839783,0.032520510256290436,2.064391599332533e-24,-3.93999981880188,0.0,0.0,0.0,0.0,0.7139870524406431,2.6662479043006897,0.7139870524406431,2.6662479043006897
0.8002135999999993,0.0,1.0,0.0,1.0,0.3,0.0,0.2685590088367462,0.2685590088367462,0.008098309859633446,0.008098309859633446,0.03144099116325377,-0.008098309859633446,0.1252838735102722,0.11559920012950897,0.03645247966051102,-4.0,1.0,-0.0,0.0,-0.0,1.0,-0.0,0.11559920012950897,0.02833310980349779,0.11902075525604486,0.11902075525604486,0.2216937243938446,0.034230586141347885,2.0127819523302588e-24,-3.93999981880188,0.0,0.0,0.0,0.0,1.7443129047751427,2.2556870952248573,1.7443129047751427,2.2556870952248573
0.8335466999999994,0.0,1.0,0.0,1.0,0.3,0.0,0.22029545903205872,0.22029545903205872,0.05760850012302399,0.05760850012302399,0.07970454096794127,-0.05760850012302399,0.13262700407573375,0.12287195771932602,0.037690192461013794,-4.0,1.0,-0.0,0.0,-0.0,1.0,-0.0,0.12287195771932602,0.02957082260400057,0.1263801865137772,0.1263801865137772,0.218182772397995,0.03713138401508331,1.9624622901232472e-24,-3.93999981880188,0.0,0.0,0.0,0.0,0.5316401049494741,0.7259995415806768,0.5316401049494741,0.7259995415806768
0.8668420000000001,0.0,1.0,0.0,1.0,0.3,0.0,0.22301225364208221,0.22301225364208221,0.05773279070854187,0.05773279070854187,0.07698774635791777,-0.05773279070854187,0.1400522639644231,0.1302872896194458,0.03886336088180542,-4.0,1.0,-0.0,0.0,-0.0,1.0,-0.0,0.1302872896194458,0.030743991024792194,0.1338654952574182,0.1338654952574182,0.22246013581752777,0.035195108503103256,1.4579653294584876e-24,-3.93999981880188,0.0,0.0,0.0,0.0,0.9027888178825376,2.2853928208351135,0.9027888178825376,2.2853928208351135
0.9002159000000001,0.0,1.0,0.0,1.0,0.3,0.0,0.1694212406873703,0.1694212406873703,0.052799176424741745,0.052799176424741745,0.1305787593126297,-0.052799176424741745,0.14570651150899933,0.13782529532909393,0.039974529296159744,-4.0,1.0,-0.0,0.0,-0.0,1.0,-0.0,0.13782529532909393,0.03185515943914652,0.14145869791372112,0.14145869791372112,0.22613990306854248,0.03333494812250137,2.6313439597626112e-24,-3.93999981880188,0.0,0.0,0.0,0.0,0.846961438655853,2.232548415660858,0.846961438655853,2.232548415660858
0.9338672999999993,0.0,1.0,0.0,1.0,0.3,0.0,0.27812978625297546,0.27812978625297546,0.05904422327876091,0.05904422327876091,0.021870213747024525,-0.05904422327876091,0.1550659681981125,0.1456027328968048,0.041042130440473557,-4.0,1.0,-0.0,0.0,-0.0,1.0,-0.0,0.1456027328968048,0.03292276058346033,0.14927847799148453,0.14927847799148453,0.2333231419324875,0.03202809765934944,3.3981922930691096e-24,-3.93999981880188,0.0,0.0,0.0,0.0,1.366409882903099,2.633590117096901,1.366409882903099,2.633590117096901
0.9669664999999998,0.0,1.0,0.0,1.0,0.3,0.0,0.2118774950504303,0.2118774950504303,0.017752977088093758,0.017752977088093758,0.08812250494956969,-0.017752977088093758,0.16207894378228582,0.1531975269317627,0.04204852133989334,-4.0,1.0,-0.0,0.0,-0.0,1.0,-0.0,0.1531975269317627,0.033929151482880116,0.15690974978743794,0.15690974978743794,0.2278439849615097,0.03019169345498085,2.727883179621748e-24,-3.93999981880188,0.0,0.0,0.0,0.0,-0.2711264044046404,1.1459349542856214,-0.2711264044046404,1.1459349542856214
1.0002328999999994,0.0,1.0,0.0,1.0,0.3,0.0,0.339160293340683,0.339160293340683,0.06030675396323204,0.06030675396323204,-0.039160293340682995,-0.06030675396323204,0.17336158576467417,0.16096670925617218,0.04312702268362045,-4.0,1.0,-0.0,0.0,-0.0,1.0,-0.0,0.16096670925617218,0.03500765282660723,0.1647295275449709,0.1647295275449709,0.2330753654241562,0.03235505148768425,2.6596861543653917e-24,-3.93999981880188,0.0,0.0,0.0,0.0,1.5494143739342687,1.975485824048519,1.5494143739342687,1.975485824048519
1.0336058000000001,0.0,1.0,0.0,1.0,0.3,0.0,0.24052958190441132,0.24052958190441132,0.054734811186790466,0.054734811186790466,0.05947041809558867,-0.054734811186790466,0.18138875544861208,0.16823112964630127,0.04413982853293419,-4.0,1.0,-0.0,0.0,-0.0,1.0,-0.0,0.16823112964630127,0.03602045867592096,0.1720441409211437,0.1720441409211437,0.21793273091316223,0.030384214594960213,3.063556708213451e-24,-3.93999981880188,0.0,0.0,0.0,0.0,-1.5068869143724444,-0.059524819254875405,-1.5068869143724444,-0.059524819254875405
1.0669091999999996,0.0,1.0,0.0,1.0,0.3,0.0,0.26382794976234436,0.26382794976234436,0.053608231246471405,0.053608231246471405,0.03617205023765563,-0.053608231246471405,0.19017512319072719,0.1755313128232956,0.04510687664151192,-4.0,1.0,-0.0,0.0,-0.0,1.0,-0.0,0.1755313128232956,0.03698750678449869,0.17938594549072956,0.17938594549072956,0.21900539100170135,0.029011448845267296,3.7804798097655485e-24,-3.93999981880188,0.0,0.0,0.0,0.0,0.5325906276702879,1.846226096153259,0.5325906276702879,1.846226096153259
1.1002706999999994,0.0,1.0,0.0,1.0,0.3,0.0,0.22052472829818726,0.22052472829818726,0.08161376416683197,0.08161376416683197,0.07947527170181273,-0.08161376416683197,0.19753215891384712,0.18274272978305817,0.046033747494220734,-4.0,1.0,-0.0,0.0,-0.0,1.0,-0.0,0.18274272978305817,0.03791437763720751,0.18663441622643073,0.18663441622643073,0.21634237468242645,0.027806131169199944,3.6859679624328295e-24,-3.93999981880188,0.0,0.0,0.0,0.0,0.08014222979545571,1.3667397797107694,0.08014222979545571,1.3667397797107694
1.133712,0.0,1.0,0.0,1.0,0.3,0.0,0.286744087934494,0.286744087934494,-0.034143973141908646,-0.034143973141908646,0.01325591206550597,0.034143973141908646,0.20712125398169112,0.19009754061698914,0.046833302825689316,-4.0,1.0,-0.0,0.0,-0.0,1.0,-0.0,0.19009754061698914,0.03871393296867609,0.1939995967896093,0.1939995967896093,0.22064442932605743,0.023986581712961197,5.180842811747637e-24,-3.93999981880188,0.0,0.0,0.0,0.0,0.610140264034271,2.5688706040382385,0.610140264034271,2.5688706040382385
1.1669994,0.0,1.0,0.0,1.0,0.3,0.0,0.2289680689573288,0.2289680689573288,0.08082682639360428,0.08082682639360428,0.07103193104267119,-0.08082682639360428,0.21474300568030127,0.19724023342132568,0.04787813499569893,-4.0,1.0,-0.0,0.0,-0.0,1.0,-0.0,0.19724023342132568,0.0397587651386857,0.20120752740753067,0.20120752740753067,0.21428050100803375,0.03134503588080406,5.0253019237738525e-24,-3.93999981880188,0.0,0.0,0.0,0.0,0.6748459190130232,-0.14460943639278434,0.6748459190130232,-0.14460943639278434
1.2003076999999998,0.0,1.0,0.0,1.0,0.3,0.0,0.20489227771759033,0.20489227771759033,0.04101596400141716,0.04101596400141716,0.09510772228240966,-0.04101596400141716,0.22156761913420206,0.2044844776391983,0.048792991787195206,-4.0,1.0,-0.0,0.0,-0.0,1.0,-0.0,0.2044844776391983,0.04067362193018198,0.2084903957411352,0.2084903957411352,0.2173275351524353,0.027445632964372635,4.8996695137301646e-24,-3.93999981880188,0.0,0.0,0.0,0.0,0.4507167041301725,2.3905605375766754,0.4507167041301725,2.3905605375766754
1.2337200999999993,0.0,1.0,0.0,1.0,0.3,0.0,0.2259467989206314,0.2259467989206314,0.05020688846707344,0.05020688846707344,0.07405320107936858,-0.05020688846707344,0.22911704395845767,0.21195344626903534,0.04970977455377579,-4.0,1.0,-0.0,0.0,-0.0,1.0,-0.0,0.21195344626903534,0.04159040469676256,0.21599542853533113,0.21599542853533113,0.22406895458698273,0.02750355377793312,5.987005408772409e-24,-3.93999981880188,0.0,0.0,0.0,0.0,1.4099628776311872,2.3943460136651993,1.4099628776311872,2.3943460136651993
1.2669994999999998,0.0,1.0,0.0,1.0,0.3,0.0,0.23512478172779083,0.23512478172779083,0.05199801176786423,0.05199801176786423,0.06487521827220916,-0.05199801176786423,0.23694185561948963,0.2195272147655487,0.050599515438079834,-4.0,1.0,-0.0,0.0,-0.0,1.0,-0.0,0.2195272147655487,0.04248014558106661,0.22359955454183705,0.22359955454183705,0.22721309959888458,0.026692209765315056,6.63084212517759e-24,-3.93999981880188,0.0,0.0,0.0,0.0,0.8785813599824903,2.083546683192253,0.8785813599824903,2.083546683192253
1.3011232000000001,0.0,1.0,0.0,1.0,0.3,0.0,0.21024656295776367,0.21024656295776367,0.03081490844488144,0.03081490844488144,0.08975343704223632,-0.03081490844488144,0.24411624625989153,0.2271532267332077,0.05145781487226486,-4.0,1.0,-0.0,0.0,-0.0,1.0,-0.0,0.2271532267332077,0.043338445015251637,0.2312505334732183,0.2312505334732183,0.22878021001815796,0.02574899047613144,6.465071288984899e-24,-3.93999981880188,0.0,0.0,0.0,0.0,0.6735282242298124,1.9214805066585539,0.6735282242298124,1.9214805066585539
1.3337572999999994,0.0,1.0,0.0,1.0,0.3,0.0,0.18550236523151398,0.18550236523151398,0.00527470326051116,0.00527470326051116,0.11449763476848601,-0.00527470326051116,0.25016994899709316,0.23496085405349731,0.05235324054956436,-4.0,1.0,-0.0,0.0,-0.0,1.0,-0.0,0.23496085405349731,0.044233870692551136,0.23908834821880007,0.23908834821880007,0.2342289835214615,0.026862729340791702,5.887128518423282e-24,-3.93999981880188,0.0,0.0,0.0,0.0,1.425289839506149,2.164847642183304,1.425289839506149,2.164847642183304
1.3671042999999994,0.0,1.0,0.0,1.0,0.3,0.0,0.22316430509090424,0.22316430509090424,0.007206272333860397,0.007206272333860397,0.07683569490909575,-0.007206272333860397,0.25761180907895953,0.24299727380275726,0.05336535722017288,-4.0,1.0,-0.0,0.0,-0.0,1.0,-0.0,0.24299727380275726,0.045245987363159657,0.24717377378686312,0.24717377378686312,0.24109259247779846,0.030363496392965317,5.700830732615835e-24,-3.93999981880188,0.0,0.0,0.0,0.0,1.936703560873866,2.063296439126134,1.936703560873866,2.063296439126134
1.4003708999999995,0.0,1.0,0.0,1.0,0.3,0.0,0.23725591599941254,0.23725591599941254,0.01849755272269249,0.01849755272269249,0.06274408400058745,-0.01849755272269249,0.2655045067341456,0.2511313855648041,0.05448327958583832,-4.0,1.0,-0.0,0.0,-0.0,1.0,-0.0,0.2511313855648041,0.04636390972882509,0.2553753804520728,0.2553753804520728,0.24402345716953278,0.03353762999176979,5.558309993882723e-24,-3.93999981880188,0.0,0.0,0.0,0.0,1.4502386301755903,1.6231891661882398,1.4502386301755903,1.6231891661882398
1.4337611999999993,0.0,1.0,0.0,1.0,0.3,0.0,0.23164142668247223,0.23164142668247223,-0.016161227598786354,-0.016161227598786354,0.06835857331752776,0.016161227598786354,0.2732390834635013,0.2592850923538208,0.05566676706075668,-4.0,1.0,-0.0,0.0,-0.0,1.0,-0.0,0.2592850923538208,0.04754739720374346,0.2636086381319473,0.2636086381319473,0.2446112483739853,0.03550470247864723,5.419352145428042e-24,-3.93999981880188,0.0,0.0,0.0,0.0,1.0329110473394392,1.476852312684059,1.0329110473394392,1.476852312684059
1.4670432999999994,0.0,1.0,0.0,1.0,0.3,0.0,0.24723149836063385,0.24723149836063385,0.051418665796518326,0.051418665796518326,0.05276850163936614,-0.051418665796518326,0.2814674669150898,0.26748737692832947,0.05702289938926697,-4.0,1.0,-0.0,0.0,-0.0,1.0,-0.0,0.26748737692832947,0.04890352953225374,0.27192104004050555,0.27192104004050555,0.2460685819387436,0.04068387672305107,5.7001842611040064e-24,-3.93999981880188,0.0,0.0,0.0,0.0,1.5611061975359914,1.173236735165119,1.5611061975359914,1.173236735165119
1.5004225999999994,0.0,1.0,0.0,1.0,0.3,0.0,0.3467509150505066,0.3467509150505066,0.0789184495806694,0.0789184495806694,-0.0467509150505066,-0.0789184495806694,0.29304176973383517,0.2756541967391968,0.05833007022738457,-4.0,1.0,-0.0,0.0,-0.0,1.0,-0.0,0.2756541967391968,0.05021070037037134,0.2801898474456471,0.2801898474456471,0.24500475823879242,0.039215125143527985,5.5576796940194515e-24,-3.93999981880188,0.0,0.0,0.0,0.0,0.43834604322910287,1.6723940223455427,0.43834604322910287,1.6723940223455427
1.5338630999999996,0.0,1.0,0.0,1.0,0.3,0.0,0.24901804327964783,0.24901804327964783,0.09623706340789795,0.09623706340789795,0.05098195672035216,-0.09623706340789795,0.3013690576101283,0.28326109051704407,0.05950316786766052,-4.0,1.0,-0.0,0.0,-0.0,1.0,-0.0,0.28326109051704407,0.0513837980106473,0.2878839003815671,0.2878839003815671,0.2282063215970993,0.03519299998879433,6.3558377194389455e-24,-3.93999981880188,0.0,0.0,0.0,0.0,-1.882039695978165,0.012003093957900779,-1.882039695978165,0.012003093957900779
1.5670813,0.0,1.0,0.0,1.0,0.3,0.0,0.251695841550827,0.251695841550827,0.03903143107891083,0.03903143107891083,0.04830415844917296,-0.03903143107891083,0.30972994041393204,0.2908458411693573,0.060492418706417084,-4.0,1.0,-0.0,0.0,-0.0,1.0,-0.0,0.2908458411693573,0.05237304884940386,0.29552367006940927,0.29552367006940927,0.2275424748659134,0.029677487909793854,6.196941806035256e-24,-3.93999981880188,0.0,0.0,0.0,0.0,-0.13520562648773216,2.174483895301819,-0.13520562648773216,2.174483895301819
1.6004768,0.0,1.0,0.0,1.0,0.3,0.0,0.20586487650871277,0.20586487650871277,0.018477702513337135,0.018477702513337135,0.09413512349128722,-0.018477702513337135,0.3166049008973788,0.29839494824409485,0.06148705258965492,-4.0,1.0,-0.0,0.0,-0.0,1.0,-0.0,0.29839494824409485,0.0533676827326417,0.30312976544352743,0.30312976544352743,0.22647367417812347,0.02983907051384449,5.248506172601612e-24,-3.93999981880188,0.0,0.0,0.0,0.0,0.4977059960365293,1.4344603419303892,0.4977059960365293,1.4344603419303892
1.6337091999999993,0.0,1.0,0.0,1.0,0.3,0.0,0.21271145343780518,0.21271145343780518,0.0510917566716671,0.0510917566716671,0.08728854656219481,-0.0510917566716671,0.32367381300260517,0.30615198612213135,0.06255196034908295,-4.0,1.0,-0.0,0.0,-0.0,1.0,-0.0,0.30615198612213135,0.05443259049206972,0.31095328509955167,0.31095328509955167,0.2327105700969696,0.03194717690348625,5.533609181218443e-24,-3.93999981880188,0.0,0.0,0.0,0.0,1.6609700396656988,2.1044348999857903,1.6609700396656988,2.1044348999857903
1.6671699999999996,0.0,1.0,0.0,1.0,0.3,0.0,0.26941558718681335,0.26941558718681335,0.04152122139930725,0.04152122139930725,0.030584412813186634,-0.04152122139930725,0.33268867408234576,0.31407278776168823,0.0635809525847435,-4.0,1.0,-0.0,0.0,-0.0,1.0,-0.0,0.31407278776168823,0.055461582727730274,0.31893212941167176,0.31893212941167176,0.23762385547161102,0.030869843438267708,5.811584831556602e-24,-3.93999981880188,0.0,0.0,0.0,0.0,1.132669851183891,2.3588720113039017,1.132669851183891,2.3588720113039017
1.7004584999999999,0.0,1.0,0.0,1.0,0.3,0.0,0.17545564472675323,0.17545564472675323,0.07371671497821808,0.07371671497821808,0.12454435527324675,-0.07371671497821808,0.3385293293118323,0.3218514025211334,0.06460611522197723,-4.0,1.0,-0.0,0.0,-0.0,1.0,-0.0,0.3218514025211334,0.05648674536496401,0.32677068061064923,0.32677068061064923,0.2333584576845169,0.030754731968045235,5.666295191046164e-24,-3.93999981880188,0.0,0.0,0.0,0.0,0.11343359947204568,1.1099429130554197,0.11343359947204568,1.1099429130554197
1.7338147,0.0,1.0,0.0,1.0,0.3,0.0,0.1873248964548111,0.1873248964548111,0.08800680190324783,0.08800680190324783,0.11267510354518889,-0.08800680190324783,0.3447777760229583,0.32986006140708923,0.06552537530660629,-4.0,1.0,-0.0,0.0,-0.0,1.0,-0.0,0.32986006140708923,0.05740600544959307,0.3348180245643406,0.3348180245643406,0.24026015400886536,0.027577856555581093,5.524637860573817e-24,-3.93999981880188,0.0,0.0,0.0,0.0,1.115399420261383,2.884600579738617,1.115399420261383,2.884600579738617
1.7670731999999996,0.0,1.0,0.0,1.0,0.3,0.0,0.29248300194740295,0.29248300194740295,0.009144503623247147,0.009144503623247147,0.007516998052597035,-0.009144503623247147,0.35450532194322587,0.33808979392051697,0.06629826873540878,-4.0,1.0,-0.0,0.0,-0.0,1.0,-0.0,0.33808979392051697,0.05817889887839556,0.3430590226592506,0.3430590226592506,0.24689148366451263,0.02318689413368702,5.386522121135459e-24,-3.93999981880188,0.0,0.0,0.0,0.0,0.943918377161026,3.056081622838974,0.943918377161026,3.056081622838974
1.8004983999999995,0.0,1.0,0.0,1.0,0.3,0.0,0.19643844664096832,0.19643844664096832,0.06033021956682205,0.06033021956682205,0.10356155335903167,-0.06033021956682205,0.36107131630988953,0.346043199300766,0.06718137115240097,-4.0,1.0,-0.0,0.0,-0.0,1.0,-0.0,0.346043199300766,0.059062001295387745,0.3510473127362265,0.3510473127362265,0.238602414727211,0.026493096724152565,5.251858831448801e-24,-3.93999981880188,0.0,0.0,0.0,0.0,0.04060591757297494,0.26007400453090646,0.04060591757297494,0.26007400453090646
1.8337822999999993,0.0,1.0,0.0,1.0,0.3,0.0,0.2787910997867584,0.2787910997867584,0.05724116787314415,0.05724116787314415,0.021208900213241566,-0.05724116787314415,0.37035057139608196,0.3542197346687317,0.06800734251737595,-4.0,1.0,-0.0,0.0,-0.0,1.0,-0.0,0.3542197346687317,0.05988797266036272,0.35924669754662325,0.35924669754662325,0.24529655277729034,0.02477903664112091,2.7009067004611315e-24,-3.93999981880188,0.0,0.0,0.0,0.0,1.2760373651981354,2.7239626348018646,1.2760373651981354,2.7239626348018646
1.8672436999999995,0.0,1.0,0.0,1.0,0.3,0.0,0.2816033959388733,0.2816033959388733,0.04053328186273575,0.04053328186273575,0.018396604061126698,-0.04053328186273575,0.37977341526895103,0.3621944487094879,0.06878869235515594,-4.0,1.0,-0.0,0.0,-0.0,1.0,-0.0,0.3621944487094879,0.06066932249814272,0.3672405007190159,0.3672405007190159,0.23924130201339722,0.023440590128302574,2.841541864415539e-24,-3.93999981880188,0.0,0.0,0.0,0.0,-0.2627160102128985,1.1110720187425611,-0.2627160102128985,1.1110720187425611
1.9005334999999999,0.0,1.0,0.0,1.0,0.3,0.0,0.2788793444633484,0.2788793444633484,0.03903055563569069,0.03903055563569069,0.0211206555366516,-0.03903055563569069,0.3890572528702671,0.369960218667984,0.0695800855755806,-4.0,1.0,-0.0,0.0,-0.0,1.0,-0.0,0.369960218667984,0.06146071571856737,0.3750306427127003,0.3750306427127003,0.23297294974327087,0.023741673678159714,2.7705033621785764e-24,-3.93999981880188,0.0,0.0,0.0,0.0,-0.11846730113029502,0.8543314635753629,-0.11846730113029502,0.8543314635753629
1.9338788999999998,0.0,1.0,0.0,1.0,0.3,0.0,0.2346411794424057,0.2346411794424057,0.05333663895726204,0.05333663895726204,0.06535882055759429,-0.05333663895726204,0.3968814568552459,0.3775395154953003,0.07038559764623642,-4.0,1.0,-0.0,0.0,-0.0,1.0,-0.0,0.3775395154953003,0.062266227789223194,0.382639737721431,0.382639737721431,0.22737906873226166,0.02416544035077095,2.7012407830544926e-24,-3.93999981880188,0.0,0.0,0.0,0.0,-0.045953556895256265,0.8907797783613203,-0.045953556895256265,0.8907797783613203
1.9671623,0.0,1.0,0.0,1.0,0.3,0.0,0.24153955280780792,0.24153955280780792,0.02628254145383835,0.02628254145383835,0.05846044719219207,-0.02628254145383835,0.4049207144071693,0.38517332077026367,0.07115907222032547,-4.0,1.0,-0.0,0.0,-0.0,1.0,-0.0,0.38517332077026367,0.06303970236331224,0.3902979517077273,0.3902979517077273,0.2290136069059372,0.023204099386930466,2.2173939329133166e-24,-3.93999981880188,0.0,0.0,0.0,0.0,0.6671367436647413,1.9472160786390302,0.6671367436647413,1.9472160786390302
2.0004966999999994,0.0,1.0,0.0,1.0,0.3,0.0,0.19694973528385162,0.19694973528385162,0.008517172187566757,0.008517172187566757,0.10305026471614837,-0.008517172187566757,0.4114859156630152,0.3928230106830597,0.07198770344257355,-4.0,1.0,-0.0,0.0,-0.0,1.0,-0.0,0.3928230106830597,0.06386833358556032,0.39798125804753626,0.39798125804753626,0.22949053347110748,0.024858934804797173,2.1619590993816256e-24,-3.93999981880188,0.0,0.0,0.0,0.0,0.8538184463977812,1.4845994412899015,0.8538184463977812,1.4845994412899015
2.0339070999999995,0.0,1.0,0.0,1.0,0.3,0.0,0.1866399347782135,0.1866399347782135,0.08377015590667725,0.08377015590667725,0.11336006522178649,-0.08377015590667725,0.4177216305399292,0.400707483291626,0.07292544841766357,-4.0,1.0,-0.0,0.0,-0.0,1.0,-0.0,0.400707483291626,0.06480607856065035,0.4059141719431805,0.4059141719431805,0.2365349680185318,0.028132397681474686,1.6915942765411293e-24,-3.93999981880188,0.0,0.0,0.0,0.0,1.897793933749199,2.102206066250801,1.897793933749199,2.102206066250801
2.0671999999999997,0.0,1.0,0.0,1.0,0.3,0.0,0.1895090639591217,0.1895090639591217,-0.027348631992936134,-0.027348631992936134,0.11049093604087828,0.027348631992936134,0.4240309368554139,0.408817857503891,0.07372931391000748,-4.0,1.0,-0.0,0.0,-0.0,1.0,-0.0,0.408817857503891,0.06560994405299425,0.4140491581596426,0.4140491581596426,0.24331092834472656,0.024116098880767822,1.6493043308807492e-24,-3.93999981880188,0.0,0.0,0.0,0.0,0.994758129119873,3.005241870880127,0.994758129119873,3.005241870880127
2.1005424,0.0,1.0,0.0,1.0,0.3,0.0,0.2355920523405075,0.2355920523405075,-0.004771387670189142,-0.004771387670189142,0.06440794765949248,0.004771387670189142,0.4318861413013721,0.4171451926231384,0.07475759834051132,-4.0,1.0,-0.0,0.0,-0.0,1.0,-0.0,0.4171451926231384,0.0666382284834981,0.4224343324399831,0.4224343324399831,0.24982018768787384,0.030848443508148193,7.754400639442933e-25,-3.93999981880188,0.0,0.0,0.0,0.0,2.3281835839152336,1.6718164160847664,2.3281835839152336,1.6718164160847664
2.1341333999999996,0.0,1.0,0.0,1.0,0.3,0.0,0.23539899289608002,0.23539899289608002,-0.025846365839242935,-0.025846365839242935,0.06460100710391997,0.025846365839242935,0.4397934288717442,0.42549335956573486,0.07592930644750595,-4.0,1.0,-0.0,0.0,-0.0,1.0,-0.0,0.42549335956573486,0.06780993659049273,0.43086283958464366,0.43086283958464366,0.25044435262680054,0.03515120968222618,7.560541030213264e-25,-3.93999981880188,0.0,0.0,0.0,0.0,1.3454156052321193,1.23090230114758,1.3454156052321193,1.23090230114758
2.1671999,0.0,1.0,0.0,1.0,0.3,0.0,0.2273891717195511,0.2273891717195511,0.08852601796388626,0.08852601796388626,0.0726108282804489,-0.08852601796388626,0.44731239291840885,0.43386268615722656,0.07730509340763092,-4.0,1.0,-0.0,0.0,-0.0,1.0,-0.0,0.43386268615722656,0.0691857235506177,0.4393443920010663,0.4393443920010663,0.2510802447795868,0.04127369076013565,7.371527492131981e-25,-3.93999981880188,0.0,0.0,0.0,0.0,1.6021765321493147,0.9818637520074842,1.6021765321493147,0.9818637520074842
2.2006213,0.0,1.0,0.0,1.0,0.3,0.0,0.2512381374835968,0.2512381374835968,0.08298162370920181,0.08298162370920181,0.04876186251640319,-0.08298162370920181,0.45570912320650314,0.44229498505592346,0.07851365208625793,-4.0,1.0,-0.0,0.0,-0.0,1.0,-0.0,0.44229498505592346,0.07039428222924471,0.44786181884169374,0.44786181884169374,0.25296857953071594,0.03625671938061714,7.187239230872971e-25,-3.93999981880188,0.0,0.0,0.0,0.0,0.3899043500423429,2.5145287811756134,0.3899043500423429,2.5145287811756134
2.2338857999999995,0.0,1.0,0.0,1.0,0.3,0.0,0.2572864592075348,0.2572864592075348,-0.003684021532535553,-0.003684021532535553,0.0427135407924652,0.003684021532535553,0.4642676286288121,0.4506615698337555,0.07957982271909714,-4.0,1.0,-0.0,0.0,-0.0,1.0,-0.0,0.4506615698337555,0.07146045286208391,0.4562920631002461,0.4562920631002461,0.2509976625442505,0.031985092908144,7.007557917300453e-25,-3.93999981880188,0.0,0.0,0.0,0.0,-0.02054223418235801,1.9710167348384855,-0.02054223418235801,1.9710167348384855
2.2672051999999994,0.0,1.0,0.0,1.0,0.3,0.0,0.1788344830274582,0.1788344830274582,0.012149577029049397,0.012149577029049397,0.1211655169725418,-0.012149577029049397,0.47022628630259716,0.45893287658691406,0.0807843878865242,-4.0,1.0,-0.0,0.0,-0.0,1.0,-0.0,0.45893287658691406,0.07266501802951097,0.46464996508938733,0.46464996508938733,0.24813909828662872,0.036136917769908905,1.0995527866661758e-24,-3.93999981880188,0.0,0.0,0.0,0.0,0.8984790742397306,0.8100625574588773,0.8984790742397306,0.8100625574588773
2.3007051999999995,0.0,1.0,0.0,1.0,0.3,0.0,0.2695246934890747,0.2695246934890747,-0.0004167775041423738,-0.0004167775041423738,0.030475306510925282,0.0004167775041423738,0.47925536353448117,0.46741539239883423,0.08207108080387115,-4.0,1.0,-0.0,0.0,-0.0,1.0,-0.0,0.46741539239883423,0.07395171094685793,0.4732293361609399,0.4732293361609399,0.25447607040405273,0.03860073909163475,1.4883797630516705e-24,-3.93999981880188,0.0,0.0,0.0,0.0,1.8542050756514072,2.1457949243485928,1.8542050756514072,2.1457949243485928
2.3339403999999995,0.0,1.0,0.0,1.0,0.3,0.0,0.26062774658203125,0.26062774658203125,0.059776030480861664,0.059776030480861664,0.03937225341796874,-0.059776030480861664,0.4879173788176843,0.47573378682136536,0.08347645401954651,-4.0,1.0,-0.0,0.0,-0.0,1.0,-0.0,0.47573378682136536,0.07535708416253328,0.481665159687594,0.481665159687594,0.24955132603645325,0.04216138646006584,1.4609501819086176e-24,-3.93999981880188,0.0,0.0,0.0,0.0,0.6145074602682141,0.6045048001687972,0.6145074602682141,0.6045048001687972
2.367280599999999,0.0,1.0,0.0,1.0,0.3,0.0,0.24268144369125366,0.24268144369125366,-0.005950154270976782,-0.005950154270976782,0.05731855630874633,0.005950154270976782,0.49600842668663936,0.4839414954185486,0.08480440825223923,-4.0,1.0,-0.0,0.0,-0.0,1.0,-0.0,0.4839414954185486,0.076685038395226,0.4899795568200967,0.4899795568200967,0.24623145163059235,0.03983854502439499,1.4244264150349505e-24,-3.93999981880188,0.0,0.0,0.0,0.0,0.07013270258903481,1.5047574341297147,0.07013270258903481,1.5047574341297147
2.4005954000000003,0.0,1.0,0.0,1.0,0.3,0.0,0.21219685673713684,0.21219685673713684,0.09243706613779068,0.09243706613779068,0.08780314326286315,-0.09243706613779068,0.503077722529466,0.4921375513076782,0.08626648038625717,-4.0,1.0,-0.0,0.0,-0.0,1.0,-0.0,0.4921375513076782,0.07814711052924395,0.4983034620501723,0.4983034620501723,0.24588151276111603,0.043862149119377136,2.0132895843227685e-24,-3.93999981880188,0.0,0.0,0.0,0.0,1.217772977426648,1.0749692749232052,1.217772977426648,1.0749692749232052
2.4339487,0.0,1.0,0.0,1.0,0.3,0.0,0.270168662071228,0.270168662071228,0.055686987936496735,0.055686987936496735,0.02983133792877196,-0.055686987936496735,0.5120887389661263,0.5004836320877075,0.0875450074672699,-4.0,1.0,-0.0,0.0,-0.0,1.0,-0.0,0.5004836320877075,0.07942563761025667,0.5067467788723472,0.5067467788723472,0.2503817677497864,0.03835572674870491,1.1303255603255554e-24,-3.93999981880188,0.0,0.0,0.0,0.0,0.6468180716037748,2.8653076589107513,0.6468180716037748,2.8653076589107513
2.4673409999999993,0.0,1.0,0.0,1.0,0.3,0.0,0.2405952364206314,0.2405952364206314,0.08919421583414078,0.08919421583414078,0.05940476357936858,-0.08919421583414078,0.5201227672792548,0.5086673498153687,0.08876454830169678,-4.0,1.0,-0.0,0.0,-0.0,1.0,-0.0,0.5086673498153687,0.08064517844468355,0.5150205020914852,0.5150205020914852,0.2455129325389862,0.036586374044418335,1.915139313279944e-24,-3.93999981880188,0.0,0.0,0.0,0.0,-0.07161709666252158,1.2648706138134,-0.07161709666252158,1.2648706138134
2.5005977999999995,0.0,1.0,0.0,1.0,0.3,0.0,0.25651681423187256,0.25651681423187256,0.07059776037931442,0.07059776037931442,0.04348318576812743,-0.07059776037931442,0.5286536956668013,0.5168513059616089,0.0898212417960167,-4.0,1.0,-0.0,0.0,-0.0,1.0,-0.0,0.5168513059616089,0.08170187193900347,0.5232690210136254,0.5232690210136254,0.2455175220966339,0.03170069307088852,2.2444569895582812e-24,-3.93999981880188,0.0,0.0,0.0,0.0,0.11776468157768227,2.258425861597061,0.11776468157768227,2.258425861597061
2.5339618,0.0,1.0,0.0,1.0,0.3,0.0,0.16254152357578278,0.16254152357578278,0.08891154825687408,0.08891154825687408,0.1374584764242172,-0.08891154825687408,0.5340767310593838,0.5249510407447815,0.09078104048967361,-4.0,1.0,-0.0,0.0,-0.0,1.0,-0.0,0.5249510407447815,0.08266167063266039,0.5314193701501778,0.5314193701501778,0.24299250543117523,0.02879389189183712,2.1883457078003633e-24,-3.93999981880188,0.0,0.0,0.0,0.0,0.022490590810775535,1.7168368399143217,0.022490590810775535,1.7168368399143217
2.567316,0.0,1.0,0.0,1.0,0.3,0.0,0.27602267265319824,0.27602267265319824,0.013128119520843029,0.013128119520843029,0.023977327346801747,-0.013128119520843029,0.5432832464875931,0.533268392086029,0.09158995747566223,-4.0,1.0,-0.0,0.0,-0.0,1.0,-0.0,0.533268392086029,0.083470587618649,0.5397615371582356,0.5397615371582356,0.24951963126659393,0.024267684668302536,5.466128638879253e-25,-3.93999981880188,0.0,0.0,0.0,0.0,0.933061420917511,3.066938579082489,0.933061420917511,3.066938579082489
2.6006766,0.0,1.0,0.0,1.0,0.3,0.0,0.27240023016929626,0.27240023016929626,0.031957488507032394,0.031957488507032394,0.027599769830703724,-0.031957488507032394,0.5523706816061789,0.541392982006073,0.09249500930309296,-4.0,1.0,-0.0,0.0,-0.0,1.0,-0.0,0.541392982006073,0.08437563944607973,0.5479284711505352,0.5479284711505352,0.24373912811279297,0.027151577174663544,5.329475743382015e-25,-3.93999981880188,0.0,0.0,0.0,0.0,0.3220091126859186,0.6370839811861513,0.3220091126859186,0.6370839811861513
2.6341281,0.0,1.0,0.0,1.0,0.3,0.0,0.18613654375076294,0.18613654375076294,0.01014712918549776,0.01014712918549776,0.11386345624923705,-0.01014712918549776,0.5585972281994575,0.549351692199707,0.09343212842941284,-4.0,1.0,-0.0,0.0,-0.0,1.0,-0.0,0.549351692199707,0.08531275857239962,0.5559366407225864,0.5559366407225864,0.23875990509986877,0.028113434091210365,5.196238615604383e-25,-3.93999981880188,0.0,0.0,0.0,0.0,0.16850553452968575,0.9354852586984632,0.16850553452968575,0.9354852586984632
2.667331599999999,0.0,1.0,0.0,1.0,0.3,0.0,0.279386043548584,0.279386043548584,0.08713177591562271,0.08713177591562271,0.020613956451416005,-0.08713177591562271,0.5678738226964226,0.557533323764801,0.0944688618183136,-4.0,1.0,-0.0,0.0,-0.0,1.0,-0.0,0.557533323764801,0.08634949196130037,0.5641805046881726,0.5641805046881726,0.24544985592365265,0.031102139502763748,1.294370738636172e-25,-3.93999981880188,0.0,0.0,0.0,0.0,1.8782344497740269,2.121765550225973,1.8782344497740269,2.121765550225973
2.7007016999999998,0.0,1.0,0.0,1.0,0.3,0.0,0.2718367874622345,0.2718367874622345,0.03353897109627724,0.03353897109627724,0.028163212537765492,-0.03353897109627724,0.5769450434777164,0.5655100345611572,0.09535714983940125,-4.0,1.0,-0.0,0.0,-0.0,1.0,-0.0,0.5655100345611572,0.08723777998238802,0.5721992917206529,0.5721992917206529,0.23930193483829498,0.026648644357919693,-2.509950543096935e-25,-3.93999981880188,0.0,0.0,0.0,0.0,-0.6333021819591524,1.4578604400157926,-0.6333021819591524,1.4578604400157926
2.7340722999999993,0.0,1.0,0.0,1.0,0.3,0.0,0.2610805630683899,0.2610805630683899,0.021752601489424706,0.021752601489424706,0.038919436931610096,-0.021752601489424706,0.5856574585156462,0.573329508304596,0.0962730422616005,-4.0,1.0,-0.0,0.0,-0.0,1.0,-0.0,0.573329508304596,0.08815367240458727,0.5800670608224578,0.5800670608224578,0.23458300530910492,0.027476558461785316,1.7159566185732632e-25,-3.93999981880188,0.0,0.0,0.0,0.0,0.160796597599983,0.9657319039106367,0.160796597599983,0.9657319039106367
2.76732,0.0,1.0,0.0,1.0,0.3,0.0,0.22037777304649353,0.22037777304649353,0.0015811489429324865,0.0015811489429324865,0.07962222695350646,-0.0015811489429324865,0.5929845126005642,0.5810545682907104,0.0972525104880333,-4.0,1.0,-0.0,0.0,-0.0,1.0,-0.0,0.5810545682907104,0.08913314063102007,0.5878512805891071,0.5878512805891071,0.23175229132175446,0.029384203255176544,1.673057622990246e-25,-3.93999981880188,0.0,0.0,0.0,0.0,0.5173575207591055,1.0394199565052984,0.5173575207591055,1.0394199565052984
2.800714899999999,0.0,1.0,0.0,1.0,0.3,0.0,0.23134635388851166,0.23134635388851166,0.00039940234273672104,0.00039940234273672104,0.06865364611148833,-0.00039940234273672104,0.6007103009540354,0.588904082775116,0.09835667163133621,-4.0,1.0,-0.0,0.0,-0.0,1.0,-0.0,0.588904082775116,0.09023730177432299,0.5957774662914929,0.5957774662914929,0.2354845553636551,0.03312470391392708,-2.140730852422128e-25,-3.93999981880188,0.0,0.0,0.0,0.0,1.5734707517549393,1.611418326385319,1.5734707517549393,1.611418326385319
2.8340598999999997,0.0,1.0,0.0,1.0,0.3,0.0,0.2544507384300232,0.2544507384300232,-0.04688039422035217,-0.04688039422035217,0.045549261569976796,0.04688039422035217,0.6091949608269848,0.5968153476715088,0.09958402812480927,-4.0,1.0,-0.0,0.0,-0.0,1.0,-0.0,0.5968153476715088,0.09146465826779604,0.603783357611245,0.603783357611245,0.23733840882778168,0.03682071343064308,-6.250370763500196e-25,-3.93999981880188,0.0,0.0,0.0,0.0,1.368280094116926,1.3778657503426073,1.368280094116926,1.3778657503426073
2.8674234999999992,0.0,1.0,0.0,1.0,0.3,0.0,0.26161158084869385,0.26161158084869385,0.09085268527269363,0.09085268527269363,0.03838841915130614,-0.09085268527269363,0.6179232649657881,0.6046640872955322,0.10107923299074173,-4.0,1.0,-0.0,0.0,-0.0,1.0,-0.0,0.6046640872955322,0.0929598631337285,0.6117680889183258,0.6117680889183258,0.23546288907527924,0.04485612362623215,-1.7249400186505004e-24,-3.93999981880188,0.0,0.0,0.0,0.0,1.473549962043762,0.34842050075530984,1.473549962043762,0.34842050075530984
2.900728299999999,0.0,1.0,0.0,1.0,0.3,0.0,0.1949491798877716,0.1949491798877716,0.04106277972459793,0.04106277972459793,0.10505082011222838,-0.04106277972459793,0.6244160084121143,0.6124152541160583,0.10239408165216446,-4.0,1.0,-0.0,0.0,-0.0,1.0,-0.0,0.6124152541160583,0.09427471179515123,0.6196290541590954,0.6196290541590954,0.2325339913368225,0.039445459842681885,-8.883044151103331e-25,-3.93999981880188,0.0,0.0,0.0,0.0,-0.3224638402462008,1.8580006062984464,-0.3224638402462008,1.8580006062984464
2.9340621999999996,0.0,1.0,0.0,1.0,0.3,0.0,0.32453060150146484,0.32453060150146484,0.017588740214705467,0.017588740214705467,-0.024530601501464855,-0.017588740214705467,0.6352338790295042,0.6203978061676025,0.10369404405355453,-4.0,1.0,-0.0,0.0,-0.0,1.0,-0.0,0.6203978061676025,0.09557467419654131,0.627716461665097,0.627716461665097,0.23947741091251373,0.03899900242686272,-1.6987285373527218e-24,-3.93999981880188,0.0,0.0,0.0,0.0,1.5072466433048248,2.492753356695175,1.5072466433048248,2.492753356695175
2.9673882000000003,0.0,1.0,0.0,1.0,0.3,0.0,0.2676980197429657,0.2676980197429657,0.0034576496109366417,0.0034576496109366417,0.03230198025703429,-0.0034576496109366417,0.6441551832354585,0.6279449462890625,0.10505445301532745,-4.0,1.0,-0.0,0.0,-0.0,1.0,-0.0,0.6279449462890625,0.09693508315831423,0.6353827711835464,0.6353827711835464,0.22641408443450928,0.04081214219331741,-1.2546143430324256e-24,-3.93999981880188,0.0,0.0,0.0,0.0,-0.7016769126057627,-0.2795471474528315,-0.7016769126057627,-0.2795471474528315
3.0008955000000004,0.0,1.0,0.0,1.0,0.3,0.0,0.23685328662395477,0.23685328662395477,0.03730430081486702,0.03730430081486702,0.06314671337604522,-0.03730430081486702,0.6520914973663534,0.6353737711906433,0.106516994535923,-4.0,1.0,-0.0,0.0,-0.0,1.0,-0.0,0.6353737711906433,0.09839762467890978,0.6429478374327668,0.6429478374327668,0.22286482155323029,0.04387633875012398,-6.18335012706875e-25,-3.93999981880188,0.0,0.0,0.0,0.0,0.6045478098094461,0.6875314004719255,0.6045478098094461,0.6875314004719255
3.0343304,0.0,1.0,0.0,1.0,0.3,0.0,0.23544736206531525,0.23544736206531525,0.012416450306773186,0.012416450306773186,0.06455263793468474,-0.012416450306773186,0.659963656372271,0.6428519487380981,0.10796986520290375,-4.0,1.0,-0.0,0.0,-0.0,1.0,-0.0,0.6428519487380981,0.09985049534589052,0.6505603349553292,0.6505603349553292,0.2243446260690689,0.0435861274600029,-1.8656080928957975e-25,-3.93999981880188,0.0,0.0,0.0,0.0,0.8152826577425001,1.7105858772993086,0.8152826577425001,1.7105858772993086
3.0674463999999997,0.0,1.0,0.0,1.0,0.3,0.0,0.20991359651088715,0.20991359651088715,0.04511619731783867,0.04511619731783867,0.09008640348911284,-0.04511619731783867,0.6669151550343254,0.6503849029541016,0.10949242860078812,-4.0,1.0,-0.0,0.0,-0.0,1.0,-0.0,0.6503849029541016,0.10137305874377489,0.6582378134304386,0.6582378134304386,0.2259899526834488,0.045676857233047485,-1.8189679244697695e-25,-3.93999981880188,0.0,0.0,0.0,0.0,1.1420553550124166,1.440050162374973,1.1420553550124166,1.440050162374973
3.1009192,0.0,1.0,0.0,1.0,0.3,0.0,0.2558513283729553,0.2558513283729553,0.0591711550951004,0.0591711550951004,0.04414867162704467,-0.0591711550951004,0.6754792153786877,0.6581056118011475,0.11097808927297592,-4.0,1.0,-0.0,0.0,-0.0,1.0,-0.0,0.6581056118011475,0.1028587194159627,0.6660952727981594,0.6660952727981594,0.23162131011486053,0.044569842517375946,6.552822992790327e-25,-3.93999981880188,0.0,0.0,0.0,0.0,1.2603337019681928,2.343122437596321,1.2603337019681928,2.343122437596321
3.1340898999999993,0.0,1.0,0.0,1.0,0.3,0.0,0.19669921696186066,0.19669921696186066,0.06602714210748672,0.06602714210748672,0.10330078303813933,-0.06602714210748672,0.6820038660947644,0.6657640933990479,0.11238408833742142,-4.0,1.0,-0.0,0.0,-0.0,1.0,-0.0,0.6657640933990479,0.10426471848040819,0.6738790392787528,0.6738790392787528,0.22975322604179382,0.042180027812719345,6.780198836692508e-25,-3.93999981880188,0.0,0.0,0.0,0.0,0.1729195713996885,1.5930272936820982,0.1729195713996885,1.5930272936820982
3.1674811,0.0,1.0,0.0,1.0,0.3,0.0,0.22869445383548737,0.22869445383548737,-0.0132437227293849,-0.0132437227293849,0.07130554616451262,0.0132437227293849,0.689640248341676,0.6736576557159424,0.11369205266237259,-4.0,1.0,-0.0,0.0,-0.0,1.0,-0.0,0.6736576557159424,0.10557268280535936,0.6818799223172803,0.6818799223172803,0.2368069738149643,0.03923875838518143,1.415461799708019e-24,-3.93999981880188,0.0,0.0,0.0,0.0,1.2076742947101593,2.7923257052898407,1.2076742947101593,2.7923257052898407
3.2008434999999995,0.0,1.0,0.0,1.0,0.3,0.0,0.27442699670791626,0.27442699670791626,0.054221197962760925,0.054221197962760925,0.02557300329208373,-0.054221197962760925,0.6987957915766442,0.6816255450248718,0.11515773832798004,-4.0,1.0,-0.0,0.0,-0.0,1.0,-0.0,0.6816255450248718,0.10703836847096682,0.6899786923922941,0.6899786923922941,0.2390371561050415,0.04397067427635193,1.5686733786439123e-24,-3.93999981880188,0.0,0.0,0.0,0.0,1.5850355960428713,1.2671862505376337,1.5850355960428713,1.2671862505376337
3.2342239999999993,0.0,1.0,0.0,1.0,0.3,0.0,0.2216644138097763,0.2216644138097763,0.034228626638650894,0.034228626638650894,0.07833558619022368,-0.034228626638650894,0.7061950605418214,0.6894235014915466,0.11656060069799423,-4.0,1.0,-0.0,0.0,-0.0,1.0,-0.0,0.6894235014915466,0.108441230840981,0.6978998960847977,0.6978998960847977,0.23393812775611877,0.042085859924554825,2.1343704641585575e-24,-3.93999981880188,0.0,0.0,0.0,0.0,-0.13919430971145652,1.1621144413948057,-0.13919430971145652,1.1621144413948057
3.2674576999999996,0.0,1.0,0.0,1.0,0.3,0.0,0.23219221830368042,0.23219221830368042,0.037518784403800964,0.037518784403800964,0.06780778169631957,-0.037518784403800964,0.7139116670672604,0.697336733341217,0.11796651780605316,-4.0,1.0,-0.0,0.0,-0.0,1.0,-0.0,0.697336733341217,0.10984714794903994,0.7059354896727731,0.7059354896727731,0.23739653825759888,0.042177438735961914,3.2908389734907504e-24,-3.93999981880188,0.0,0.0,0.0,0.0,1.155968204140663,1.9774552434682844,1.155968204140663,1.9774552434682844
3.300884999999999,0.0,1.0,0.0,1.0,0.3,0.0,0.2507104277610779,0.2507104277610779,0.022500282153487206,0.022500282153487206,0.04928957223892211,-0.022500282153487206,0.7222922397491581,0.7053051590919495,0.11936505138874054,-4.0,1.0,-0.0,0.0,-0.0,1.0,-0.0,0.7053051590919495,0.11124568153172731,0.7140244877461687,0.7140244877461687,0.23905298113822937,0.04195616766810417,4.002080304372993e-24,-3.93999981880188,0.0,0.0,0.0,0.0,0.9059302210807798,1.806381046772003,0.9059302210807798,1.806381046772003
3.334133399999999,0.0,1.0,0.0,1.0,0.3,0.0,0.2198297381401062,0.2198297381401062,0.028287649154663086,0.028287649154663086,0.08017026185989379,-0.028287649154663086,0.7296012268147356,0.7132288217544556,0.12080420553684235,-4.0,1.0,-0.0,0.0,-0.0,1.0,-0.0,0.7132288217544556,0.11268483567982912,0.7220756361860156,0.7220756361860156,0.23771008849143982,0.04317460209131241,3.713430182695836e-24,-3.93999981880188,0.0,0.0,0.0,0.0,0.7157880589365957,1.2557948306202886,0.7157880589365957,1.2557948306202886
3.367463299999999,0.0,1.0,0.0,1.0,0.3,0.0,0.2535931468009949,0.2535931468009949,-7.108325371518731e-05,-7.108325371518731e-05,0.046406853199005116,7.108325371518731e-05,0.738053461038298,0.7212726473808289,0.1222638338804245,-4.0,1.0,-0.0,0.0,-0.0,1.0,-0.0,0.7212726473808289,0.11414446402341127,0.7302487182644973,0.7302487182644973,0.2413150519132614,0.043788738548755646,3.2433980619421165e-24,-3.93999981880188,0.0,0.0,0.0,0.0,1.2639534473419187,1.9428570270538328,1.2639534473419187,1.9428570270538328
3.4008234,0.0,1.0,0.0,1.0,0.3,0.0,0.2583676278591156,0.2583676278591156,0.03172566741704941,0.03172566741704941,0.04163237214088439,-0.03172566741704941,0.7466726309404412,0.7292536497116089,0.12383309006690979,-4.0,1.0,-0.0,0.0,-0.0,1.0,-0.0,0.7292536497116089,0.11571372020989656,0.7383769705661981,0.7383769705661981,0.23943009972572327,0.047077640891075134,3.559069036205809e-24,-3.93999981880188,0.0,0.0,0.0,0.0,0.9289900630246846,0.9272840649355201,0.9289900630246846,0.9272840649355201
3.4342235,0.0,1.0,0.0,1.0,0.3,0.0,0.24620382487773895,0.24620382487773895,0.004635858349502087,0.004635858349502087,0.053796175122261036,-0.004635858349502087,0.7548958633117401,0.737149178981781,0.1254063993692398,-4.0,1.0,-0.0,0.0,-0.0,1.0,-0.0,0.737149178981781,0.11728702951222658,0.7464215694668233,0.7464215694668233,0.23686495423316956,0.047199223190546036,3.2814943244227286e-24,-3.93999981880188,0.0,0.0,0.0,0.0,0.45193943381309487,1.2133554518222807,0.45193943381309487,1.2133554518222807
3.4677624,0.0,1.0,0.0,1.0,0.3,0.0,0.18381507694721222,0.18381507694721222,0.02121192216873169,0.02121192216873169,0.11618492305278777,-0.02121192216873169,0.7610608187959649,0.745026707649231,0.127069354057312,-4.0,1.0,-0.0,0.0,-0.0,1.0,-0.0,0.745026707649231,0.11894998420029879,0.7544626523903645,0.7544626523903645,0.23632685840129852,0.049888864159584045,3.2190167379444507e-24,-3.93999981880188,0.0,0.0,0.0,0.0,1.0202932022511957,1.1315538026392458,1.0202932022511957,1.1315538026392458
3.500869999999999,0.0,1.0,0.0,1.0,0.3,0.0,0.28072497248649597,0.28072497248649597,-0.007213464938104153,-0.007213464938104153,0.019275027513504017,0.007213464938104153,0.7703549488950586,0.7531312704086304,0.1287655532360077,-4.0,1.0,-0.0,0.0,-0.0,1.0,-0.0,0.7531312704086304,0.12064618337899446,0.7627333820092284,0.7627333820092284,0.2431359589099884,0.050886090844869614,3.1385412899135555e-24,-3.93999981880188,0.0,0.0,0.0,0.0,1.7454569339752197,2.2545430660247803,1.7454569339752197,2.2545430660247803
3.5343230000000005,0.0,1.0,0.0,1.0,0.3,0.0,0.2460498958826065,0.2460498958826065,0.05195734649896622,0.05195734649896622,0.05395010411739348,-0.05195734649896622,0.7785860560620198,0.7610275149345398,0.1305839568376541,-4.0,1.0,-0.0,0.0,-0.0,1.0,-0.0,0.7610275149345398,0.12246458698064089,0.7708180417918227,0.7708180417918227,0.23688872158527374,0.054551780223846436,3.003148303889568e-24,-3.93999981880188,0.0,0.0,0.0,0.0,0.4720621295273302,0.2989389710128305,0.4720621295273302,0.2989389710128305
3.5675749999999997,0.0,1.0,0.0,1.0,0.3,0.0,0.1821548044681549,0.1821548044681549,0.012230634689331055,0.012230634689331055,0.11784519553184508,-0.012230634689331055,0.7846430676201948,0.7689069509506226,0.1323314756155014,-4.0,1.0,-0.0,0.0,-0.0,1.0,-0.0,0.7689069509506226,0.12421210575848818,0.7788751802677634,0.7788751802677634,0.2363825887441635,0.052425842732191086,3.344385668445795e-24,-3.93999981880188,0.0,0.0,0.0,0.0,0.45551392436027505,1.7024902403354643,0.45551392436027505,1.7024902403354643
3.600996499999999,0.0,1.0,0.0,1.0,0.3,0.0,0.2883015275001526,0.2883015275001526,0.045440077781677246,0.045440077781677246,0.011698472499847401,-0.045440077781677246,0.794278537121541,0.77701336145401,0.1341370940208435,-4.0,1.0,-0.0,0.0,-0.0,1.0,-0.0,0.77701336145401,0.12601772416383028,0.7871659486293162,0.7871659486293162,0.24319247901439667,0.054168473929166794,2.4672638497050353e-24,-3.93999981880188,0.0,0.0,0.0,0.0,1.8532323837280273,2.1467676162719727,1.8532323837280273,2.1467676162719727
3.634300099999999,0.0,1.0,0.0,1.0,0.3,0.0,0.23003345727920532,0.23003345727920532,0.04124216362833977,0.04124216362833977,0.06996654272079467,-0.04124216362833977,0.8019394793693847,0.7848715782165527,0.1358933001756668,-4.0,1.0,-0.0,0.0,-0.0,1.0,-0.0,0.7848715782165527,0.12777393031865358,0.7952041068563582,0.7952041068563582,0.23574605584144592,0.05268613621592522,3.030055954936204e-24,-3.93999981880188,0.0,0.0,0.0,0.0,-0.31131148338317893,0.779250383377075,-0.31131148338317893,0.779250383377075
3.667674,0.0,1.0,0.0,1.0,0.3,0.0,0.271737664937973,0.271737664937973,-0.016015121713280678,-0.016015121713280678,0.028262335062026966,0.016015121713280678,0.8110084250252584,0.7927989363670349,0.13761523365974426,-4.0,1.0,-0.0,0.0,-0.0,1.0,-0.0,0.7927989363670349,0.12949586380273104,0.8033052547112569,0.8033052547112569,0.23782041668891907,0.05165785551071167,3.3706204211402774e-24,-3.93999981880188,0.0,0.0,0.0,0.0,0.9044248908758161,1.8942368179559705,0.9044248908758161,1.8942368179559705
3.7010074999999993,0.0,1.0,0.0,1.0,0.3,0.0,0.23715394735336304,0.23715394735336304,0.07790645211935043,0.07790645211935043,0.06284605264663695,-0.07790645211935043,0.8189135961293615,0.800572395324707,0.1394859403371811,-4.0,1.0,-0.0,0.0,-0.0,1.0,-0.0,0.800572395324707,0.13136657048016787,0.8112788275282795,0.8112788275282795,0.23320350050926208,0.05612126737833023,3.683110708234119e-24,-3.93999981880188,0.0,0.0,0.0,0.0,0.7574281617999075,0.3730652406811712,0.7574281617999075,0.3730652406811712
3.7343107,0.0,1.0,0.0,1.0,0.3,0.0,0.23444318771362305,0.23444318771362305,0.07118242979049683,0.07118242979049683,0.06555681228637694,-0.07118242979049683,0.8267213044984261,0.8083807229995728,0.14120113849639893,-4.0,1.0,-0.0,0.0,-0.0,1.0,-0.0,0.8083807229995728,0.1330817686393857,0.8192619547260198,0.8192619547260198,0.23425112664699554,0.05145609378814697,4.0464687186488744e-24,-3.93999981880188,0.0,0.0,0.0,0.0,0.32204362750053384,2.1917984783649445,0.32204362750053384,2.1917984783649445
3.767658299999999,0.0,1.0,0.0,1.0,0.3,0.0,0.23913228511810303,0.23913228511810303,0.0683276578783989,0.0683276578783989,0.06086771488189696,-0.0683276578783989,0.8346957922896303,0.8162368535995483,0.1427888572216034,-4.0,1.0,-0.0,0.0,-0.0,1.0,-0.0,0.8162368535995483,0.13466948736459017,0.827271703856195,0.827271703856195,0.23568274080753326,0.04763149097561836,3.945306773885142e-24,-3.93999981880188,0.0,0.0,0.0,0.0,0.4569470882415769,2.165325403213501,0.4569470882415769,2.165325403213501
3.8009986,0.0,1.0,0.0,1.0,0.3,0.0,0.2555760443210602,0.2555760443210602,0.047305092215538025,0.047305092215538025,0.04442395567893981,-0.047305092215538025,0.843216774280108,0.8241139054298401,0.14426365494728088,-4.0,1.0,-0.0,0.0,-0.0,1.0,-0.0,0.8241139054298401,0.13614428509026766,0.8352837814093863,0.8352837814093863,0.23631156980991364,0.044244080781936646,4.601066728442286e-24,-3.93999981880188,0.0,0.0,0.0,0.0,0.3974224030971525,2.037286192178726,0.3974224030971525,2.037286192178726
3.8344465999999997,0.0,1.0,0.0,1.0,0.3,0.0,0.2621595859527588,0.2621595859527588,0.014413620345294476,0.014413620345294476,0.0378404140472412,-0.014413620345294476,0.8519854881110559,0.8319240808486938,0.14569707214832306,-4.0,1.0,-0.0,0.0,-0.0,1.0,-0.0,0.8319240808486938,0.13757770229130983,0.8432231617215578,0.8432231617215578,0.23430588841438293,0.043002087622880936,4.48603976440839e-24,-3.93999981880188,0.0,0.0,0.0,0.0,0.32081800699233987,1.4561402201652525,0.32081800699233987,1.4561402201652525
3.8676159000000006,0.0,1.0,0.0,1.0,0.3,0.0,0.25912976264953613,0.25912976264953613,0.03659726679325104,0.03659726679325104,0.040870237350463856,-0.03659726679325104,0.8605806409473074,0.8396351933479309,0.14719504117965698,-4.0,1.0,-0.0,0.0,-0.0,1.0,-0.0,0.8396351933479309,0.13907567132264376,0.8510753787193361,0.8510753787193361,0.23133262991905212,0.04493914544582367,4.165731076882903e-24,-3.93999981880188,0.0,0.0,0.0,0.0,0.5838448368012903,0.9297717250883577,0.5838448368012903,0.9297717250883577
3.9010087,0.0,1.0,0.0,1.0,0.3,0.0,0.15126647055149078,0.15126647055149078,0.06369654089212418,0.06369654089212418,0.1487335294485092,-0.06369654089212418,0.8656318519451391,0.8472670316696167,0.14868436753749847,-4.0,1.0,-0.0,0.0,-0.0,1.0,-0.0,0.8472670316696167,0.14056499768048525,0.858848031683812,0.858848031683812,0.2289564460515976,0.04467993974685669,4.061587632327888e-24,-3.93999981880188,0.0,0.0,0.0,0.0,0.37823754549026467,1.2565719485282896,0.37823754549026467,1.2565719485282896
3.934347299999999,0.0,1.0,0.0,1.0,0.3,0.0,0.2921660542488098,0.2921660542488098,0.008184902369976044,0.008184902369976044,0.007833945751190174,-0.008184902369976044,0.8753722591613181,0.8551352024078369,0.15007942914962769,-4.0,1.0,-0.0,0.0,-0.0,1.0,-0.0,0.8551352024078369,0.14196005929261446,0.8668384352527608,0.8668384352527608,0.23604370653629303,0.04185202717781067,3.9600482176210074e-24,-3.93999981880188,0.0,0.0,0.0,0.0,1.2356415092945099,2.76435849070549,1.2356415092945099,2.76435849070549
3.9676568000000003,0.0,1.0,0.0,1.0,0.3,0.0,0.17886137962341309,0.17886137962341309,0.030908575281500816,0.030908575281500816,0.1211386203765869,-0.030908575281500816,0.8813300422858844,0.8627433776855469,0.15156053006649017,-4.0,1.0,-0.0,0.0,-0.0,1.0,-0.0,0.8627433776855469,0.14344116020947695,0.8745864749597417,0.8745864749597417,0.2282460480928421,0.04443284869194031,3.8610469628766756e-24,-3.93999981880188,0.0,0.0,0.0,0.0,0.058460086584090964,0.254897743463516,0.058460086584090964,0.254897743463516
4.000946899999999,0.0,1.0,0.0,1.0,0.3,0.0,0.264273464679718,0.264273464679718,0.01802559569478035,0.01802559569478035,0.03572653532028197,-0.01802559569478035,0.8901277323524183,0.8705887198448181,0.15305162966251373,-4.0,1.0,-0.0,0.0,-0.0,1.0,-0.0,0.8705887198448181,0.1449322598055005,0.8825701553153541,0.8825701553153541,0.23536041378974915,0.044732917100191116,4.55803278834067e-24,-3.93999981880188,0.0,0.0,0.0,0.0,1.6290970966219902,2.37090290337801,1.6290970966219902,2.37090290337801
4.0343824,0.0,1.0,0.0,1.0,0.3,0.0,0.30483654141426086,0.30483654141426086,0.038087401539087296,0.038087401539087296,-0.004836541414260875,-0.038087401539087296,0.9003200945328752,0.8783225417137146,0.15459340810775757,-4.0,1.0,-0.0,0.0,-0.0,1.0,-0.0,0.8783225417137146,0.14647403825074434,0.8904522059964367,0.8904522059964367,0.23201341927051544,0.04625333473086357,4.4440818305814945e-24,-3.93999981880188,0.0,0.0,0.0,0.0,0.49822355806827523,0.9308378547430036,0.49822355806827523,0.9308378547430036
4.0676851,0.0,1.0,0.0,1.0,0.3,0.0,0.15219458937644958,0.15219458937644958,0.07190605998039246,0.07190605998039246,0.1478054106235504,-0.07190605998039246,0.9053885852845023,0.8857347965240479,0.1561199575662613,-4.0,1.0,-0.0,0.0,-0.0,1.0,-0.0,0.8857347965240479,0.14800058770924807,0.8980146456131878,0.8980146456131878,0.22236791253089905,0.04579675942659378,4.219120788517808e-24,-3.93999981880188,0.0,0.0,0.0,0.0,-0.553779646754265,0.36031799018383004,-0.553779646754265,0.36031799018383004
4.1010375,0.0,1.0,0.0,1.0,0.3,0.0,0.20282667875289917,0.20282667875289917,0.04731065407395363,0.04731065407395363,0.09717332124710082,-0.04731065407395363,0.9121533418049405,0.8933917880058289,0.15752439200878143,-4.0,1.0,-0.0,0.0,-0.0,1.0,-0.0,0.8933917880058289,0.1494050221517682,0.9057984033549751,0.9057984033549751,0.22971023619174957,0.04213288798928261,4.113642985741612e-24,-3.93999981880188,0.0,0.0,0.0,0.0,1.1371272802352905,2.8628727197647095,1.1371272802352905,2.8628727197647095
4.1343686,0.0,1.0,0.0,1.0,0.3,0.0,0.2515159249305725,0.2515159249305725,0.0738842710852623,0.0738842710852623,0.04848407506942748,-0.0738842710852623,0.9205366442503938,0.9012690186500549,0.15889017283916473,-4.0,1.0,-0.0,0.0,-0.0,1.0,-0.0,0.9012690186500549,0.1507708029821515,0.9137930175977029,0.9137930175977029,0.23631756007671356,0.04097354784607887,4.010801950541117e-24,-3.93999981880188,0.0,0.0,0.0,0.0,1.3757385760545728,2.51119427382946,1.3757385760545728,2.51119427382946
4.167772599999999,0.0,1.0,0.0,1.0,0.3,0.0,0.23626039922237396,0.23626039922237396,0.07546444237232208,0.07546444237232208,0.06373960077762603,-0.07546444237232208,0.9284286866260179,0.9091007709503174,0.16013498604297638,-4.0,1.0,-0.0,0.0,-0.0,1.0,-0.0,0.9091007709503174,0.15201561618596315,0.921722821300883,0.921722821300883,0.23495140671730042,0.03734438121318817,3.910531813030737e-24,-3.93999981880188,0.0,0.0,0.0,0.0,0.083070248365402,1.8562927544116972,0.083070248365402,1.8562927544116972
4.2010492,0.0,1.0,0.0,1.0,0.3,0.0,0.2624731659889221,0.2624731659889221,0.02880219928920269,0.02880219928920269,0.03752683401107787,-0.02880219928920269,0.937162901181365,0.9169691205024719,0.1612589806318283,-4.0,1.0,-0.0,0.0,-0.0,1.0,-0.0,0.9169691205024719,0.15313961077481508,0.9296688164843105,0.9296688164843105,0.23605181276798248,0.03371942415833473,4.6062807045953446e-24,-3.93999981880188,0.0,0.0,0.0,0.0,0.36921870708465554,2.1803653240203857,0.36921870708465554,2.1803653240203857
4.234489099999999,0.0,1.0,0.0,1.0,0.3,0.0,0.23486141860485077,0.23486141860485077,0.00827664416283369,0.00827664416283369,0.06513858139514922,-0.00827664416283369,0.9450166435333692,0.9247341752052307,0.1624152809381485,-4.0,1.0,-0.0,0.0,-0.0,1.0,-0.0,0.9247341752052307,0.15429591108113527,0.93751827873853,0.93751827873853,0.232950821518898,0.03468935564160347,5.2846356076302814e-24,-3.93999981880188,0.0,0.0,0.0,0.0,0.4049102887511251,1.0961630716919897,0.4049102887511251,1.0961630716919897
4.2677274,0.0,1.0,0.0,1.0,0.3,0.0,0.2648288905620575,0.2648288905620575,-0.024740224704146385,-0.024740224704146385,0.035171109437942494,0.024740224704146385,0.9538191056465383,0.9325457215309143,0.1636674851179123,-4.0,1.0,-0.0,0.0,-0.0,1.0,-0.0,0.9325457215309143,0.15554811526089907,0.9454293939299917,0.9454293939299917,0.2343471497297287,0.03756596893072128,5.152519549806582e-24,-3.93999981880188,0.0,0.0,0.0,0.0,1.20345189794898,1.4020913578569887,1.20345189794898,1.4020913578569887
4.301189899999999,0.0,1.0,0.0,1.0,0.3,0.0,0.18998204171657562,0.18998204171657562,0.07605096697807312,0.07605096697807312,0.11001795828342437,-0.07605096697807312,0.9601763797174789,0.9402438402175903,0.16511616110801697,-4.0,1.0,-0.0,0.0,-0.0,1.0,-0.0,0.9402438402175903,0.15699679125100374,0.953260967170183,0.953260967170183,0.2309429943561554,0.04346032440662384,5.0237068470234956e-24,-3.93999981880188,0.0,0.0,0.0,0.0,1.0003048852086065,0.40653949230909325,1.0003048852086065,0.40653949230909325
4.334424799999999,0.0,1.0,0.0,1.0,0.3,0.0,0.1997978389263153,0.1997978389263153,0.0850369855761528,0.0850369855761528,0.10020216107368468,-0.0850369855761528,0.9668166409144111,0.9481756091117859,0.16643323004245758,-4.0,1.0,-0.0,0.0,-0.0,1.0,-0.0,0.9481756091117859,0.15831386018544436,0.9613013388325862,0.9613013388325862,0.2379523068666458,0.039512116461992264,4.143721463196784e-24,-3.93999981880188,0.0,0.0,0.0,0.0,1.0873883962631226,2.9126116037368774,1.0873883962631226,2.9126116037368774
4.3677844,0.0,1.0,0.0,1.0,0.3,0.0,0.2729969620704651,0.2729969620704651,0.017745885998010635,0.017745885998010635,0.0270030379295349,-0.017745885998010635,0.9759237103702972,0.9563317894935608,0.16759613156318665,-4.0,1.0,-0.0,0.0,-0.0,1.0,-0.0,0.9563317894935608,0.15947676170617342,0.9695376883444211,0.9695376883444211,0.24468670785427094,0.03488703817129135,1.6204727466938922e-24,-3.93999981880188,0.0,0.0,0.0,0.0,0.9795561730861664,3.0204438269138336,0.9795561730861664,3.0204438269138336
4.401119899999999,0.0,1.0,0.0,1.0,0.3,0.0,0.2412191480398178,0.2412191480398178,0.02657616138458252,0.02657616138458252,0.05878085196018218,-0.02657616138458252,0.9839648712797785,0.9643179774284363,0.16882507503032684,-4.0,1.0,-0.0,0.0,-0.0,1.0,-0.0,0.9643179774284363,0.16070570517331362,0.9776172488591444,0.9776172488591444,0.2395854890346527,0.03686829283833504,1.3718030817694672e-24,-3.93999981880188,0.0,0.0,0.0,0.0,0.3271101266145704,0.7530113905668256,0.3271101266145704,0.7530113905668256
4.434471499999999,0.0,1.0,0.0,1.0,0.3,0.0,0.27242666482925415,0.27242666482925415,0.10133843868970871,0.10133843868970871,0.02757333517074584,-0.10133843868970871,0.9930507364344977,0.9723086953163147,0.1700890213251114,-4.0,1.0,-0.0,0.0,-0.0,1.0,-0.0,0.9723086953163147,0.16196965146809816,0.9857070391269463,0.9857070391269463,0.23972047865390778,0.03791849687695503,1.753823766264715e-24,-3.93999981880188,0.0,0.0,0.0,0.0,0.8567031025886533,1.4945309758186338,0.8567031025886533,1.4945309758186338
4.4677551,0.0,1.0,0.0,1.0,0.3,0.0,0.26454514265060425,0.26454514265060425,0.04732011631131172,0.04732011631131172,0.03545485734939574,-0.04732011631131172,1.0018557511444235,0.9801388382911682,0.17114947736263275,-4.0,1.0,-0.0,0.0,-0.0,1.0,-0.0,0.9801388382911682,0.16303010750561953,0.9936050313278685,0.9936050313278685,0.23490504920482635,0.03181373327970505,2.1262941062109048e-24,-3.93999981880188,0.0,0.0,0.0,0.0,-0.6645945608615877,1.7675279676914213,-0.6645945608615877,1.7675279676914213
