time,current_x,current_y,current_z,dvl_forward_velocity_raw,dvl_forward_velocity_used,dvl_distance_estimated,pose_x,pose_y,pose_z,pose_forward_x,pose_forward_y,pose_forward_z,pose_right_x,pose_right_y,pose_right_z,pose_forward_displacement,pose_lateral_drift,pose_ground_truth_displacement,pose_euclidean_displacement,gt_velocity_x,gt_velocity_y,gt_velocity_z,depth_m,cmd_0,cmd_1,cmd_2,cmd_3,cmd_4,cmd_5,cmd_6,cmd_7
0.0,0.0,0.0,0.0,0.034494541585445404,0.034494541585445404,0.0,0.0,-0.0,-4.0,1.0,-0.0,0.0,-0.0,1.0,-0.0,0.0,0.0,0.0,0.0,0.0,-0.0,0.0,-3.93999981880188,0.0,0.0,0.0,0.0,0.0,0.0,0.0,0.0
0.03337160000000239,0.0,0.0,0.0,0.029364638030529022,0.029364638030529022,0.0009799449544996724,0.0005283374921418726,-0.0,-4.0,1.0,-0.0,0.0,-0.0,1.0,-0.0,0.0005283374921418726,0.0,0.0005283374921418726,0.0005283374921418726,0.015850123018026352,-0.0,0.0,-3.93999981880188,0.0,0.0,0.0,0.0,2.0,2.0,2.0,2.0
0.06662520000000072,0.0,0.0,0.0,-0.016565848141908646,-0.016565848141908646,0.00042907086672792677,0.0015673590824007988,-0.0,-4.0,1.0,-0.0,0.0,-0.0,1.0,-0.0,0.0015673590824007988,0.0,0.0015673590824007988,0.0015673590824007988,0.031170645728707314,-0.0,0.0,-3.93999981880188,0.0,0.0,0.0,0.0,2.0,2.0,2.0,2.0
0.09997180000000228,0.0,0.0,0.0,0.03148527070879936,0.03148527070879936,0.0014789975949460246,0.0030999211594462395,-0.0,-4.0,1.0,-0.0,0.0,-0.0,1.0,-0.0,0.0030999211594462395,0.0,0.0030999211594462395,0.0030999211594462395,0.04597686231136322,-0.0,0.0,-3.93999981880188,0.0,0.0,0.0,0.0,2.0,2.0,2.0,2.0
0.13439610000000002,0.0,0.0,0.0,0.03623025864362717,0.03623025864362717,0.0027261988875717574,0.005109380930662155,-0.0,-4.0,1.0,-0.0,0.0,-0.0,1.0,-0.0,0.005109380930662155,0.0,0.005109380930662155,0.005109380930662155,0.06028379499912262,-0.0,0.0,-3.93999981880188,0.0,0.0,0.0,0.0,2.0,2.0,2.0,2.0
0.1666394000000011,0.0,0.0,0.0,0.05342111736536026,0.05342111736536026,0.004448672001118335,0.007579587399959564,-0.0,-4.0,1.0,-0.0,0.0,-0.0,1.0,-0.0,0.007579587399959564,0.0,0.007579587399959564,0.007579587399959564,0.07410618662834167,-0.0,0.0,-3.93999981880188,0.0,0.0,0.0,0.0,2.0,2.0,2.0,2.0
0.19997359999999986,0.0,0.0,0.0,0.07357266545295715,0.07357266545295715,0.0069011579458602085,0.010494870133697987,-0.0,-4.0,1.0,-0.0,0.0,-0.0,1.0,-0.0,0.010494870133697987,0.0,0.010494870133697987,0.010494870133697987,0.08745848387479782,-0.0,0.0,-3.93999981880188,0.0,0.0,0.0,0.0,2.0,2.0,2.0,2.0
0.23333580000000254,0.0,0.0,0.0,0.1306239813566208,0.1306239813566208,0.011259061336676411,0.013840032741427422,-0.0,-4.0,1.0,-0.0,0.0,-0.0,1.0,-0.0,0.013840032741427422,0.0,0.013840032741427422,0.013840032741427422,0.100354865193367,-0.0,0.0,-3.93999981880188,0.0,0.0,0.0,0.0,2.0,2.0,2.0,2.0
0.2666692000000026,0.0,0.0,0.0,0.12149597704410553,0.12149597704410553,0.015308935337878407,0.01760033890604973,-0.0,-4.0,1.0,-0.0,0.0,-0.0,1.0,-0.0,0.01760033890604973,0.0,0.01760033890604973,0.01760033890604973,0.1128091886639595,-0.0,0.0,-3.93999981880188,0.0,0.0,0.0,0.0,2.0,2.0,2.0,2.0
0.30000730000000075,0.0,0.0,0.0,0.09748125821352005,0.09748125821352005,0.01855877527232638,0.02176150679588318,-0.0,-4.0,1.0,-0.0,0.0,-0.0,1.0,-0.0,0.02176150679588318,0.0,0.02176150679588318,0.02176150679588318,0.12483501434326172,-0.0,0.0,-3.93999981880188,0.0,0.0,0.0,0.0,2.0,2.0,2.0,2.0
0.33335170000000147,0.0,0.0,0.0,0.12400911748409271,0.12400911748409271,0.02269378488936305,0.026309693232178688,-0.0,-4.0,1.0,-0.0,0.0,-0.0,1.0,-0.0,0.026309693232178688,0.0,0.026309693232178688,0.026309693232178688,0.13644561171531677,-0.0,0.0,-3.93999981880188,0.0,0.0,0.0,0.0,2.0,2.0,2.0,2.0
0.36734690000000114,0.0,0.0,0.0,0.11548128724098206,0.11548128724098206,0.026619594345377647,0.031231490895152092,-0.0,-4.0,1.0,-0.0,0.0,-0.0,1.0,-0.0,0.031231490895152092,0.0,0.031231490895152092,0.031231490895152092,0.14765392243862152,-0.0,0.0,-3.93999981880188,0.0,0.0,0.0,0.0,2.0,2.0,2.0,2.0
0.40001940000000147,0.0,0.0,0.0,0.1290724128484726,0.1290724128484726,0.03083671275416941,0.03651391342282295,-0.0,-4.0,1.0,-0.0,0.0,-0.0,1.0,-0.0,0.03651391342282295,0.0,0.03651391342282295,0.03651391342282295,0.15847262740135193,-0.0,0.0,-3.93999981880188,0.0,0.0,0.0,0.0,2.0,2.0,2.0,2.0
0.4334118000000018,0.0,0.0,0.0,0.20966556668281555,0.20966556668281555,0.037837949223068726,0.04214438050985336,-0.0,-4.0,1.0,-0.0,0.0,-0.0,1.0,-0.0,0.04214438050985336,0.0,0.04214438050985336,0.04214438050985336,0.1689140498638153,-0.0,0.0,-3.93999981880188,0.0,0.0,0.0,0.0,2.0,2.0,2.0,2.0
0.4667726000000023,0.0,0.0,0.0,0.13619489967823029,0.13619489967823029,0.0423815200322543,0.0481107234954834,-0.0,-4.0,1.0,-0.0,0.0,-0.0,1.0,-0.0,0.0481107234954834,0.0,0.0481107234954834,0.0481107234954834,0.1789902299642563,-0.0,0.0,-3.93999981880188,0.0,0.0,0.0,0.0,2.0,2.0,2.0,2.0
0.5007504000000012,0.0,0.0,0.0,0.2840726375579834,0.2840726375579834,0.05203368329667162,0.054401155561208725,-0.0,-4.0,1.0,-0.0,0.0,-0.0,1.0,-0.0,0.054401155561208725,0.0,0.054401155561208725,0.054401155561208725,0.1887129247188568,-0.0,0.0,-3.93999981880188,0.0,0.0,0.0,0.0,2.0,2.0,2.0,2.0
0.5334892000000018,0.0,0.0,0.0,0.14445948600769043,0.14445948600769043,0.05676311351718029,0.06100427359342575,-0.0,-4.0,1.0,-0.0,0.0,-0.0,1.0,-0.0,0.06100427359342575,0.0,0.06100427359342575,0.06100427359342575,0.19809354841709137,-0.0,0.0,-3.93999981880188,0.0,0.0,0.0,0.0,2.0,2.0,2.0,2.0
0.566723200000002,0.0,0.0,0.0,0.19319266080856323,0.19319266080856323,0.06318367840649212,0.06790904700756073,-0.0,-4.0,1.0,-0.0,0.0,-0.0,1.0,-0.0,0.06790904700756073,0.0,0.06790904700756073,0.06790904700756073,0.20714323222637177,-0.0,0.0,-3.93999981880188,0.0,0.0,0.0,0.0,2.0,2.0,2.0,2.0
0.600177200000001,0.0,0.0,0.0,0.24723567068576813,0.24723567068576813,0.07145470053361357,0.07510481029748917,-0.0,-4.0,1.0,-0.0,0.0,-0.0,1.0,-0.0,0.07510481029748917,0.0,0.07510481029748917,0.07510481029748917,0.21587282419204712,-0.0,0.0,-3.93999981880188,0.0,0.0,0.0,0.0,2.0,2.0,2.0,2.0
0.633421300000002,0.0,0.0,0.0,0.2844271659851074,0.2844271659851074,0.08091022568233935,0.08258123695850372,-0.0,-4.0,1.0,-0.0,0.0,-0.0,1.0,-0.0,0.08258123695850372,0.0,0.08258123695850372,0.08258123695850372,0.22429285943508148,-0.0,0.0,-3.93999981880188,0.0,0.0,0.0,0.0,2.0,2.0,2.0,2.0
0.6669799000000012,0.0,0.0,0.0,0.30692335963249207,0.30692335963249207,0.09121014393890206,0.09032835811376572,-0.0,-4.0,1.0,-0.0,0.0,-0.0,1.0,-0.0,0.09032835811376572,0.0,0.09032835811376572,0.09032835811376572,0.23241358995437622,-0.0,0.0,-3.93999981880188,0.0,0.0,0.0,0.0,2.0,2.0,2.0,2.0
0.7002816000000003,0.0,0.0,0.0,0.23162594437599182,0.23162594437599182,0.09892368165072782,0.09833652526140213,-0.0,-4.0,1.0,-0.0,0.0,-0.0,1.0,-0.0,0.09833652526140213,0.0,0.09833652526140213,0.09833652526140213,0.24024498462677002,-0.0,0.0,-3.93999981880188,0.0,0.0,0.0,0.0,2.0,2.0,2.0,2.0
0.7335068000000007,0.0,0.0,0.0,0.18529438972473145,0.18529438972473145,0.10508012480821004,0.10659641772508621,-0.0,-4.0,1.0,-0.0,0.0,-0.0,1.0,-0.0,0.10659641772508621,0.0,0.10659641772508621,0.10659641772508621,0.24779671430587769,-0.0,0.0,-3.93999981880188,0.0,0.0,0.0,0.0,2.0,2.0,2.0,2.0
0.7667901000000015,0.0,0.0,0.0,0.24214082956314087,0.24214082956314087,0.11313937068080912,0.11509902030229568,-0.0,-4.0,1.0,-0.0,0.0,-0.0,1.0,-0.0,0.11509902030229568,0.0,0.11509902030229568,0.11509902030229568,0.25507819652557373,-0.0,0.0,-3.93999981880188,0.0,0.0,0.0,0.0,2.0,2.0,2.0,2.0
0.8001306000000028,0.0,0.0,0.0,0.24915878474712372,0.24915878474712372,0.12144644914367093,0.12383563816547394,-0.0,-4.0,1.0,-0.0,0.0,-0.0,1.0,-0.0,0.12383563816547394,0.0,0.12383563816547394,0.12383563816547394,0.2620985507965088,-0.0,0.0,-3.93999981880188,0.0,0.0,0.0,0.0,2.0,2.0,2.0,2.0
0.8335105000000027,0.0,0.0,0.0,0.19786567986011505,0.19786567986011505,0.12805118575083357,0.13279786705970764,-0.0,-4.0,1.0,-0.0,0.0,-0.0,1.0,-0.0,0.13279786705970764,0.0,0.13279786705970764,0.13279786705970764,0.268866628408432,-0.0,0.0,-3.93999981880188,0.0,0.0,0.0,0.0,2.0,2.0,2.0,2.0
0.8668596000000015,0.0,0.0,0.0,0.30429092049598694,0.30429092049598694,0.13819901408754592,0.14197756350040436,-0.0,-4.0,1.0,-0.0,0.0,-0.0,1.0,-0.0,0.14197756350040436,0.0,0.14197756350040436,0.14197756350040436,0.27539101243019104,-0.0,0.0,-3.93999981880188,0.0,0.0,0.0,0.0,2.0,2.0,2.0,2.0
0.9012643000000011,0.0,0.0,0.0,0.2650047838687897,0.2650047838687897,0.14731642417511637,0.15136690437793732,-0.0,-4.0,1.0,-0.0,0.0,-0.0,1.0,-0.0,0.15136690437793732,0.0,0.15136690437793732,0.15136690437793732,0.2816801071166992,-0.0,0.0,-3.93999981880188,0.0,0.0,0.0,0.0,2.0,2.0,2.0,2.0
0.9338197000000008,0.0,0.0,0.0,0.27401626110076904,0.27401626110076904,0.15623713316175625,0.16095829010009766,-0.0,-4.0,1.0,-0.0,0.0,-0.0,1.0,-0.0,0.16095829010009766,0.0,0.16095829010009766,0.16095829010009766,0.28774189949035645,-0.0,0.0,-3.93999981880188,0.0,0.0,0.0,0.0,2.0,2.0,2.0,2.0
0.9677044000000024,0.0,0.0,0.0,0.2862502932548523,0.2862502932548523,0.16593663847360937,0.17074443399906158,-0.0,-4.0,1.0,-0.0,0.0,-0.0,1.0,-0.0,0.17074443399906158,0.0,0.17074443399906158,0.17074443399906158,0.29358431696891785,-0.0,0.0,-3.93999981880188,0.0,0.0,0.0,0.0,2.0,2.0,2.0,2.0
1.000607500000001,0.0,0.0,0.0,0.19384653866291046,0.19384653866291046,0.1723147905198887,0.18071827292442322,-0.0,-4.0,1.0,-0.0,0.0,-0.0,1.0,-0.0,0.18071827292442322,0.0,0.18071827292442322,0.18071827292442322,0.2992148995399475,-0.0,0.0,-3.93999981880188,0.0,0.0,0.0,0.0,2.0,2.0,2.0,2.0
1.0339856000000012,0.0,0.0,0.0,0.31551966071128845,0.31551966071128845,0.18284623730707622,0.19087296724319458,-0.0,-4.0,1.0,-0.0,0.0,-0.0,1.0,-0.0,0.19087296724319458,0.0,0.19087296724319458,0.19087296724319458,0.3046410083770752,-0.0,0.0,-3.93999981880188,0.0,0.0,0.0,0.0,2.0,2.0,2.0,2.0
1.0673035000000013,0.0,0.0,0.0,0.36047226190567017,0.36047226190567017,0.1948564160820232,0.20120196044445038,-0.0,-4.0,1.0,-0.0,0.0,-0.0,1.0,-0.0,0.20120196044445038,0.0,0.20120196044445038,0.20120196044445038,0.30986976623535156,-0.0,0.0,-3.93999981880188,0.0,0.0,0.0,0.0,2.0,2.0,2.0,2.0
1.1006052000000004,0.0,0.0,0.0,0.3101736903190613,0.3101736903190613,0.2051857272649212,0.21169890463352203,-0.0,-4.0,1.0,-0.0,0.0,-0.0,1.0,-0.0,0.21169890463352203,0.0,0.21169890463352203,0.21169890463352203,0.31490808725357056,-0.0,0.0,-3.93999981880188,0.0,0.0,0.0,0.0,2.0,2.0,2.0,2.0
1.134262200000002,0.0,0.0,0.0,0.3674747943878174,0.3674747943878174,0.21755382641963256,0.22235766053199768,-0.0,-4.0,1.0,-0.0,0.0,-0.0,1.0,-0.0,0.22235766053199768,0.0,0.22235766053199768,0.22235766053199768,0.31976261734962463,-0.0,0.0,-3.93999981880188,0.0,0.0,0.0,0.0,2.0,2.0,2.0,2.0
1.1674755999999995,0.0,0.0,0.0,0.3275526463985443,0.3275526463985443,0.22843296348552516,0.23317231237888336,-0.0,-4.0,1.0,-0.0,0.0,-0.0,1.0,-0.0,0.23317231237888336,0.0,0.23317231237888336,0.23317231237888336,0.3244398534297943,-0.0,0.0,-3.93999981880188,0.0,0.0,0.0,0.0,2.0,2.0,2.0,2.0
1.2007146000000013,0.0,0.0,0.0,0.36564740538597107,0.36564740538597107,0.24058671759315012,0.24413718283176422,-0.0,-4.0,1.0,-0.0,0.0,-0.0,1.0,-0.0,0.24413718283176422,0.0,0.24413718283176422,0.24413718283176422,0.3289460241794586,-0.0,0.0,-3.93999981880188,0.0,0.0,0.0,0.0,2.0,2.0,2.0,2.0
1.2340824999999995,0.0,0.0,0.0,0.2917352616786957,0.2917352616786957,0.25032131063131813,0.25524675846099854,-0.0,-4.0,1.0,-0.0,0.0,-0.0,1.0,-0.0,0.25524675846099854,0.0,0.25524675846099854,0.25524675846099854,0.33328717947006226,-0.0,0.0,-3.93999981880188,0.0,0.0,0.0,0.0,2.0,2.0,2.0,2.0
1.2674498000000014,0.0,0.0,0.0,0.33957964181900024,0.33957964181900024,0.2616521664137859,0.2664957344532013,-0.0,-4.0,1.0,-0.0,0.0,-0.0,1.0,-0.0,0.2664957344532013,0.0,0.2664957344532013,0.2664957344532013,0.3374691903591156,-0.0,0.0,-3.93999981880188,0.0,0.0,0.0,0.0,2.0,2.0,2.0,2.0
1.3008740000000003,0.0,0.0,0.0,0.3884623646736145,0.3884623646736145,0.2746362101831093,0.277878999710083,-0.0,-4.0,1.0,-0.0,0.0,-0.0,1.0,-0.0,0.277878999710083,0.0,0.277878999710083,0.277878999710083,0.34149765968322754,-0.0,0.0,-3.93999981880188,0.0,0.0,0.0,0.0,2.0,2.0,2.0,2.0
1.3341403000000014,0.0,0.0,0.0,0.3781631886959076,0.3781631886959076,0.2872163002672244,0.2893916070461273,-0.0,-4.0,1.0,-0.0,0.0,-0.0,1.0,-0.0,0.2893916070461273,0.0,0.2893916070461273,0.2893916070461273,0.3453781306743622,-0.0,0.0,-3.93999981880188,0.0,0.0,0.0,0.0,2.0,2.0,2.0,2.0
1.3676594000000009,0.0,0.0,0.0,0.4500318467617035,0.4500318467617035,0.30230096274201435,0.3010287880897522,-0.0,-4.0,1.0,-0.0,0.0,-0.0,1.0,-0.0,0.3010287880897522,0.0,0.3010287880897522,0.3010287880897522,0.34911584854125977,-0.0,0.0,-3.93999981880188,0.0,0.0,0.0,0.0,2.0,2.0,2.0,2.0
1.4008148000000027,0.0,0.0,0.0,0.33553260564804077,0.33553260564804077,0.313425680495318,0.3127859830856323,-0.0,-4.0,1.0,-0.0,0.0,-0.0,1.0,-0.0,0.3127859830856323,0.0,0.3127859830856323,0.3127859830856323,0.3527159094810486,-0.0,0.0,-3.93999981880188,0.0,0.0,0.0,0.0,2.0,2.0,2.0,2.0
1.4342050999999998,0.0,0.0,0.0,0.43780410289764404,0.43780410289764404,0.3280440908322999,0.32465875148773193,-0.0,-4.0,1.0,-0.0,0.0,-0.0,1.0,-0.0,0.32465875148773193,0.0,0.32465875148773193,0.32465875148773193,0.356183260679245,-0.0,0.0,-3.93999981880188,0.0,0.0,0.0,0.0,2.0,2.0,2.0,2.0
1.4675787000000007,0.0,0.0,0.0,0.3703162670135498,0.3703162670135498,0.3404028778011036,0.336642861366272,-0.0,-4.0,1.0,-0.0,0.0,-0.0,1.0,-0.0,0.336642861366272,0.0,0.336642861366272,0.336642861366272,0.35952267050743103,-0.0,0.0,-3.93999981880188,0.0,0.0,0.0,0.0,2.0,2.0,2.0,2.0
1.5008608000000017,0.0,0.0,0.0,0.3401542901992798,0.3401542901992798,0.3517239269029454,0.34873414039611816,-0.0,-4.0,1.0,-0.0,0.0,-0.0,1.0,-0.0,0.34873414039611816,0.0,0.34873414039611816,0.34873414039611816,0.3627387583255768,-0.0,0.0,-3.93999981880188,0.0,0.0,0.0,0.0,2.0,2.0,2.0,2.0
1.5342055000000023,0.0,0.0,0.0,0.3841119110584259,0.3841119110584259,0.36453202334361556,0.3609286844730377,-0.0,-4.0,1.0,-0.0,0.0,-0.0,1.0,-0.0,0.3609286844730377,0.0,0.3609286844730377,0.3609286844730377,0.365835964679718,-0.0,0.0,-3.93999981880188,0.0,0.0,0.0,0.0,2.0,2.0,2.0,2.0
1.5674854000000025,0.0,0.0,0.0,0.34202975034713745,0.34202975034713745,0.3759147392321933,0.37322261929512024,-0.0,-4.0,1.0,-0.0,0.0,-0.0,1.0,-0.0,0.37322261929512024,0.0,0.37322261929512024,0.37322261929512024,0.36881858110427856,-0.0,0.0,-3.93999981880188,0.0,0.0,0.0,0.0,2.0,2.0,2.0,2.0
1.6008568000000025,0.0,0.0,0.0,0.3986085057258606,0.3986085057258606,0.38921686312017334,0.3856123089790344,-0.0,-4.0,1.0,-0.0,0.0,-0.0,1.0,-0.0,0.3856123089790344,0.0,0.3856123089790344,0.3856123089790344,0.3716907501220703,-0.0,0.0,-3.93999981880188,0.0,0.0,0.0,0.0,2.0,2.0,2.0,2.0
1.6340512000000018,0.0,0.0,0.0,0.32668960094451904,0.32668960094451904,0.4000611284097659,0.39809420704841614,-0.0,-4.0,1.0,-0.0,0.0,-0.0,1.0,-0.0,0.39809420704841614,0.0,0.39809420704841614,0.39809420704841614,0.3744564950466156,-0.0,0.0,-3.93999981880188,0.0,0.0,0.0,0.0,2.0,2.0,2.0,2.0
1.6677063000000025,0.0,0.0,0.0,0.34517374634742737,0.34517374634742737,0.4116779853604634,0.4106648564338684,-0.0,-4.0,1.0,-0.0,0.0,-0.0,1.0,-0.0,0.4106648564338684,0.0,0.4106648564338684,0.4106648564338684,0.37711969017982483,-0.0,0.0,-3.93999981880188,0.0,0.0,0.0,0.0,2.0,2.0,2.0,2.0
1.7009267000000001,0.0,0.0,0.0,0.3751320540904999,0.3751320540904999,0.42414002225017056,0.423321008682251,-0.0,-4.0,1.0,-0.0,0.0,-0.0,1.0,-0.0,0.423321008682251,0.0,0.423321008682251,0.423321008682251,0.3796840310096741,-0.0,0.0,-3.93999981880188,0.0,0.0,0.0,0.0,2.0,2.0,2.0,2.0
1.7344360000000023,0.0,0.0,0.0,0.37006866931915283,0.37006866931915283,0.43654076431098765,0.43605944514274597,-0.0,-4.0,1.0,-0.0,0.0,-0.0,1.0,-0.0,0.43605944514274597,0.0,0.43605944514274597,0.43605944514274597,0.38215312361717224,-0.0,0.0,-3.93999981880188,0.0,0.0,0.0,0.0,2.0,2.0,2.0,2.0
1.7677873999999996,0.0,0.0,0.0,0.3447924554347992,0.3447924554347992,0.44804007540917484,0.44887712597846985,-0.0,-4.0,1.0,-0.0,0.0,-0.0,1.0,-0.0,0.44887712597846985,0.0,0.44887712597846985,0.44887712597846985,0.3845304548740387,-0.0,0.0,-3.93999981880188,0.0,0.0,0.0,0.0,2.0,2.0,2.0,2.0
1.8009581000000026,0.0,0.0,0.0,0.42284247279167175,0.42284247279167175,0.46206605622140684,0.4617711007595062,-0.0,-4.0,1.0,-0.0,0.0,-0.0,1.0,-0.0,0.4617711007595062,0.0,0.4617711007595062,0.4617711007595062,0.38681939244270325,-0.0,0.0,-3.93999981880188,0.0,0.0,0.0,0.0,2.0,2.0,2.0,2.0
1.8367696000000002,0.0,0.0,0.0,0.35899463295936584,0.35899463295936584,0.4749221925196303,0.47473853826522827,-0.0,-4.0,1.0,-0.0,0.0,-0.0,1.0,-0.0,0.47473853826522827,0.0,0.47473853826522827,0.47473853826522827,0.38902315497398376,-0.0,0.0,-3.93999981880188,0.0,0.0,0.0,0.0,2.0,2.0,2.0,2.0
1.8676628000000015,0.0,0.0,0.0,0.40338146686553955,0.40338146686553955,0.4873839368518013,0.4877766966819763,-0.0,-4.0,1.0,-0.0,0.0,-0.0,1.0,-0.0,0.4877766966819763,0.0,0.4877766966819763,0.4877766966819763,0.39114484190940857,-0.0,0.0,-3.93999981880188,0.0,0.0,0.0,0.0,2.0,2.0,2.0,2.0
1.9010072000000022,0.0,0.0,0.0,0.3786567449569702,0.3786567449569702,0.5000100188183448,0.5008829236030579,-0.0,-4.0,1.0,-0.0,0.0,-0.0,1.0,-0.0,0.5008829236030579,0.0,0.5008829236030579,0.5008829236030579,0.3931874930858612,-0.0,0.0,-3.93999981880188,0.0,0.0,0.0,0.0,2.0,2.0,2.0,2.0
1.9344444000000003,0.0,0.0,0.0,0.40588992834091187,0.40588992834091187,0.5135818415302648,0.5140547752380371,-0.0,-4.0,1.0,-0.0,0.0,-0.0,1.0,-0.0,0.5140547752380371,0.0,0.5140547752380371,0.5140547752380371,0.3951539993286133,-0.0,0.0,-3.93999981880188,0.0,0.0,0.0,0.0,2.0,2.0,2.0,2.0
1.967640300000003,0.0,0.0,0.0,0.37643659114837646,0.37643659114837646,0.5260779929663681,0.527289628982544,-0.0,-4.0,1.0,-0.0,0.0,-0.0,1.0,-0.0,0.527289628982544,0.0,0.527289628982544,0.527289628982544,0.39704716205596924,-0.0,0.0,-3.93999981880188,0.0,0.0,0.0,0.0,2.0,2.0,2.0,2.0
2.0011045000000003,0.0,0.0,0.0,0.3983214199542999,0.3983214199542999,0.5394075006280018,0.5405853390693665,-0.0,-4.0,1.0,-0.0,0.0,-0.0,1.0,-0.0,0.5405853390693665,0.0,0.5405853390693665,0.5405853390693665,0.39886969327926636,-0.0,0.0,-3.93999981880188,0.0,0.0,0.0,0.0,2.0,2.0,2.0,2.0
2.0345067000000014,0.0,0.0,0.0,0.4167962968349457,0.4167962968349457,0.5533294138941425,0.5539394617080688,-0.0,-4.0,1.0,-0.0,0.0,-0.0,1.0,-0.0,0.5539394617080688,0.0,0.5539394617080688,0.5539394617080688,0.40062415599823,-0.0,0.0,-3.93999981880188,0.0,0.0,0.0,0.0,2.0,2.0,2.0,2.0
2.069043800000003,0.0,0.0,0.0,0.49413275718688965,0.49413275718688965,0.5703953263423825,0.567349910736084,-0.0,-4.0,1.0,-0.0,0.0,-0.0,1.0,-0.0,0.567349910736084,0.0,0.567349910736084,0.567349910736084,0.40231308341026306,-0.0,0.0,-3.93999981880188,0.0,0.0,0.0,0.0,2.0,2.0,2.0,2.0
2.1010363000000005,0.0,0.0,0.0,0.366731733083725,0.366731733083725,0.5821279913130628,0.5808145403862,-0.0,-4.0,1.0,-0.0,0.0,-0.0,1.0,-0.0,0.5808145403862,0.0,0.5808145403862,0.5808145403862,0.4039389193058014,-0.0,0.0,-3.93999981880188,0.0,0.0,0.0,0.0,2.0,2.0,2.0,2.0
2.1343494000000014,0.0,0.0,0.0,0.42713308334350586,0.42713308334350586,0.5963571184317937,0.5943313241004944,-0.0,-4.0,1.0,-0.0,0.0,-0.0,1.0,-0.0,0.5943313241004944,0.0,0.5943313241004944,0.5943313241004944,0.4055039584636688,-0.0,0.0,-3.93999981880188,0.0,0.0,0.0,0.0,2.0,2.0,2.0,2.0
2.1678041000000015,0.0,0.0,0.0,0.33527594804763794,0.33527594804763794,0.607573674690943,0.6078983545303345,-0.0,-4.0,1.0,-0.0,0.0,-0.0,1.0,-0.0,0.6078983545303345,0.0,0.6078983545303345,0.6078983545303345,0.40701043605804443,-0.0,0.0,-3.93999981880188,0.0,0.0,0.0,0.0,2.0,2.0,2.0,2.0
2.2011050999999995,0.0,0.0,0.0,0.4184987246990204,0.4184987246990204,0.6215101007221443,0.6215136647224426,-0.0,-4.0,1.0,-0.0,0.0,-0.0,1.0,-0.0,0.6215136647224426,0.0,0.6215136647224426,0.6215136647224426,0.4084605574607849,-0.0,0.0,-3.93999981880188,0.0,0.0,0.0,0.0,2.0,2.0,2.0,2.0
2.235066100000001,0.0,0.0,0.0,0.41164886951446533,0.41164886951446533,0.6354901079797256,0.6351755857467651,-0.0,-4.0,1.0,-0.0,0.0,-0.0,1.0,-0.0,0.6351755857467651,0.0,0.6351755857467651,0.6351755857467651,0.4098564088344574,-0.0,0.0,-3.93999981880188,0.0,0.0,0.0,0.0,2.0,2.0,2.0,2.0
2.267764400000001,0.0,0.0,0.0,0.40946459770202637,0.40946459770202637,0.6488789042347657,0.6488822102546692,-0.0,-4.0,1.0,-0.0,0.0,-0.0,1.0,-0.0,0.6488822102546692,0.0,0.6488822102546692,0.6488822102546692,0.41119998693466187,-0.0,0.0,-3.93999981880188,0.0,0.0,0.0,0.0,2.0,2.0,2.0,2.0
2.3011047,0.0,0.0,0.0,0.42188790440559387,0.42188790440559387,0.662944773534019,0.6626319885253906,-0.0,-4.0,1.0,-0.0,0.0,-0.0,1.0,-0.0,0.6626319885253906,0.0,0.6626319885253906,0.6626319885253906,0.41249319911003113,-0.0,0.0,-3.93999981880188,0.0,0.0,0.0,0.0,2.0,2.0,2.0,2.0
2.3345049000000024,0.0,0.0,0.0,0.44617316126823425,0.44617316126823425,0.6778470463550115,0.6764232516288757,-0.0,-4.0,1.0,-0.0,0.0,-0.0,1.0,-0.0,0.6764232516288757,0.0,0.6764232516288757,0.6764232516288757,0.4137379825115204,-0.0,0.0,-3.93999981880188,0.0,0.0,0.0,0.0,2.0,2.0,2.0,2.0
2.3678495999999996,0.0,0.0,0.0,0.4485463500022888,0.4485463500022888,0.6928036898319315,0.6902545094490051,-0.0,-4.0,1.0,-0.0,0.0,-0.0,1.0,-0.0,0.6902545094490051,0.0,0.6902545094490051,0.6902545094490051,0.4149360954761505,-0.0,0.0,-3.93999981880188,0.0,0.0,0.0,0.0,2.0,2.0,2.0,2.0
2.401197,0.0,0.0,0.0,0.415080189704895,0.415080189704895,0.7066455349500966,0.7041241526603699,-0.0,-4.0,1.0,-0.0,0.0,-0.0,1.0,-0.0,0.7041241526603699,0.0,0.7041241526603699,0.7041241526603699,0.41608926653862,-0.0,0.0,-3.93999981880188,0.0,0.0,0.0,0.0,2.0,2.0,2.0,2.0
2.434540900000002,0.0,0.0,0.0,0.4295799136161804,0.4295799136161804,0.720969404631724,0.7180307507514954,-0.0,-4.0,1.0,-0.0,0.0,-0.0,1.0,-0.0,0.7180307507514954,0.0,0.7180307507514954,0.7180307507514954,0.41719919443130493,-0.0,0.0,-3.93999981880188,0.0,0.0,0.0,0.0,2.0,2.0,2.0,2.0
2.4681858000000005,0.0,0.0,0.0,0.40165185928344727,0.40165185928344727,0.7344829412721291,0.7319729924201965,-0.0,-4.0,1.0,-0.0,0.0,-0.0,1.0,-0.0,0.7319729924201965,0.0,0.7319729924201965,0.7319729924201965,0.41826745867729187,-0.0,0.0,-3.93999981880188,0.0,0.0,0.0,0.0,2.0,2.0,2.0,2.0
2.5011414000000016,0.0,0.0,0.0,0.40085020661354065,0.40085020661354065,0.7476932003412027,0.7459495663642883,-0.0,-4.0,1.0,-0.0,0.0,-0.0,1.0,-0.0,0.7459495663642883,0.0,0.7459495663642883,0.7459495663642883,0.41929563879966736,-0.0,0.0,-3.93999981880188,0.0,0.0,0.0,0.0,2.0,2.0,2.0,2.0
2.5344528000000004,0.0,0.0,0.0,0.4733290672302246,0.4733290672302246,0.763460454231335,0.7599590420722961,-0.0,-4.0,1.0,-0.0,0.0,-0.0,1.0,-0.0,0.7599590420722961,0.0,0.7599590420722961,0.7599590420722961,0.4202852249145508,-0.0,0.0,-3.93999981880188,0.0,0.0,0.0,0.0,2.0,2.0,2.0,2.0
2.567888800000002,0.0,0.0,0.0,0.3735475242137909,0.3735475242137909,0.775950389250948,0.7740002870559692,-0.0,-4.0,1.0,-0.0,0.0,-0.0,1.0,-0.0,0.7740002870559692,0.0,0.7740002870559692,0.7740002870559692,0.42123761773109436,-0.0,0.0,-3.93999981880188,0.0,0.0,0.0,0.0,2.0,2.0,2.0,2.0
2.6012023000000006,0.0,0.0,0.0,0.40682080388069153,0.40682080388069153,0.7895030141010267,0.7880721092224121,-0.0,-4.0,1.0,-0.0,0.0,-0.0,1.0,-0.0,0.7880721092224121,0.0,0.7880721092224121,0.7880721092224121,0.4221542477607727,-0.0,0.0,-3.93999981880188,0.0,0.0,0.0,0.0,2.0,2.0,2.0,2.0
2.634579500000001,0.0,0.0,0.0,0.40894219279289246,0.40894219279289246,0.8031523594583138,0.8021733164787292,-0.0,-4.0,1.0,-0.0,0.0,-0.0,1.0,-0.0,0.8021733164787292,0.0,0.8021733164787292,0.8021733164787292,0.42303645610809326,-0.0,0.0,-3.93999981880188,0.0,0.0,0.0,0.0,2.0,2.0,2.0,2.0
2.6678396000000006,0.0,0.0,0.0,0.4323376715183258,0.4323376715183258,0.8175319536467803,0.8163028359413147,-0.0,-4.0,1.0,-0.0,0.0,-0.0,1.0,-0.0,0.8163028359413147,0.0,0.8163028359413147,0.8163028359413147,0.4238854944705963,-0.0,0.0,-3.93999981880188,0.0,0.0,0.0,0.0,2.0,2.0,2.0,2.0
2.7013789000000017,0.0,0.0,0.0,0.485689640045166,0.485689640045166,0.8338216441911477,0.8304595947265625,-0.0,-4.0,1.0,-0.0,0.0,-0.0,1.0,-0.0,0.8304595947265625,0.0,0.8304595947265625,0.8304595947265625,0.42470261454582214,-0.0,0.0,-3.93999981880188,0.0,0.0,0.0,0.0,2.0,2.0,2.0,2.0
2.734542600000001,0.0,0.0,0.0,0.41902315616607666,0.41902315616607666,0.8477180024352923,0.8446425795555115,-0.0,-4.0,1.0,-0.0,0.0,-0.0,1.0,-0.0,0.8446425795555115,0.0,0.8446425795555115,0.8446425795555115,0.42548900842666626,-0.0,0.0,-3.93999981880188,0.0,0.0,0.0,0.0,2.0,2.0,2.0,2.0
2.7678758000000023,0.0,0.0,0.0,0.42415860295295715,0.42415860295295715,0.8618565659792443,0.8588507771492004,-0.0,-4.0,1.0,-0.0,0.0,-0.0,1.0,-0.0,0.8588507771492004,0.0,0.8588507771492004,0.8588507771492004,0.4262458086013794,-0.0,0.0,-3.93999981880188,0.0,0.0,0.0,0.0,2.0,2.0,2.0,2.0
2.8012876999999996,0.0,0.0,0.0,0.42452192306518555,0.42452192306518555,0.8760406500205048,0.873083233833313,-0.0,-4.0,1.0,-0.0,0.0,-0.0,1.0,-0.0,0.873083233833313,0.0,0.873083233833313,0.873083233833313,0.42697417736053467,-0.0,0.0,-3.93999981880188,0.0,0.0,0.0,0.0,2.0,2.0,2.0,2.0
2.8345499000000025,0.0,0.0,0.0,0.39951685070991516,0.39951685070991516,0.8893294594121893,0.8873390555381775,-0.0,-4.0,1.0,-0.0,0.0,-0.0,1.0,-0.0,0.8873390555381775,0.0,0.8873390555381775,0.8873390555381775,0.42767512798309326,-0.0,0.0,-3.93999981880188,0.0,0.0,0.0,0.0,2.0,2.0,2.0,2.0
2.867904600000003,0.0,0.0,0.0,0.370006263256073,0.370006263256073,0.9016709073212168,0.9016174077987671,-0.0,-4.0,1.0,-0.0,0.0,-0.0,1.0,-0.0,0.9016174077987671,0.0,0.9016174077987671,0.9016174077987671,0.42834967374801636,-0.0,0.0,-3.93999981880188,0.0,0.0,0.0,0.0,2.0,2.0,2.0,2.0
2.9013050000000007,0.0,0.0,0.0,0.5190743207931519,0.5190743207931519,0.9190081972654353,0.9159173369407654,-0.0,-4.0,1.0,-0.0,0.0,-0.0,1.0,-0.0,0.9159173369407654,0.0,0.9159173369407654,0.9159173369407654,0.4289988577365875,-0.0,0.0,-3.93999981880188,0.0,0.0,0.0,0.0,2.0,2.0,2.0,2.0
2.934751200000001,0.0,0.0,0.0,0.30953776836395264,0.30953776836395264,0.9293610593736897,0.9302381277084351,-0.0,-4.0,1.0,-0.0,0.0,-0.0,1.0,-0.0,0.9302381277084351,0.0,0.9302381277084351,0.9302381277084351,0.4296236038208008,-0.0,0.0,-3.93999981880188,0.0,0.0,0.0,0.0,2.0,2.0,2.0,2.0
2.9680369000000013,0.0,0.0,0.0,0.4765753746032715,0.4765753746032715,0.945224204320122,0.9445789456367493,-0.0,-4.0,1.0,-0.0,0.0,-0.0,1.0,-0.0,0.9445789456367493,0.0,0.9445789456367493,0.9445789456367493,0.43022483587265015,-0.0,0.0,-3.93999981880188,0.0,0.0,0.0,0.0,2.0,2.0,2.0,2.0
3.0012851000000005,0.0,0.0,0.0,0.46544212102890015,0.46544212102890015,0.9606993170485147,0.9589390754699707,-0.0,-4.0,1.0,-0.0,0.0,-0.0,1.0,-0.0,0.9589390754699707,0.0,0.9589390754699707,0.9589390754699707,0.43080341815948486,-0.0,0.0,-3.93999981880188,0.0,0.0,0.0,0.0,2.0,2.0,2.0,2.0
3.0352953000000014,0.0,0.0,0.0,0.38716620206832886,0.38716620206832886,0.9738669170140993,0.9733177423477173,-0.0,-4.0,1.0,-0.0,0.0,-0.0,1.0,-0.0,0.9733177423477173,0.0,0.9733177423477173,0.9733177423477173,0.4313602149486542,-0.0,0.0,-3.93999981880188,0.0,0.0,0.0,0.0,2.0,2.0,2.0,2.0
3.0679584999999996,0.0,0.0,0.0,0.42779430747032166,0.42779430747032166,0.9878400480378632,0.9877142906188965,-0.0,-4.0,1.0,-0.0,0.0,-0.0,1.0,-0.0,0.9877142906188965,0.0,0.9877142906188965,0.9877142906188965,0.43189603090286255,-0.0,0.0,-3.93999981880188,0.0,0.0,0.0,0.0,2.0,2.0,2.0,2.0
3.1013059,0.0,0.0,0.0,0.4422186017036438,0.4422186017036438,1.0025868886363154,1.002128005027771,-0.0,-4.0,1.0,-0.0,0.0,-0.0,1.0,-0.0,1.002128005027771,0.0,1.002128005027771,1.002128005027771,0.43241164088249207,-0.0,0.0,-3.93999981880188,0.0,0.0,0.0,0.0,2.0,2.0,2.0,2.0
3.134628000000003,0.0,0.0,0.0,0.42606040835380554,0.42606040835380554,1.016784116169523,1.016558289527893,-0.0,-4.0,1.0,-0.0,0.0,-0.0,1.0,-0.0,1.016558289527893,0.0,1.016558289527893,1.016558289527893,0.4329078495502472,-0.0,0.0,-3.93999981880188,0.0,0.0,0.0,0.0,2.0,2.0,2.0,2.0
3.1680990000000016,0.0,0.0,0.0,0.4366227388381958,0.4366227388381958,1.0313983158611757,1.0310044288635254,-0.0,-4.0,1.0,-0.0,0.0,-0.0,1.0,-0.0,1.0310044288635254,0.0,1.0310044288635254,1.0310044288635254,0.43338534235954285,-0.0,0.0,-3.93999981880188,0.0,0.0,0.0,0.0,2.0,2.0,2.0,2.0
3.201323800000001,0.0,0.0,0.0,0.42691394686698914,0.42691394686698914,1.0455824463630417,1.0454659461975098,-0.0,-4.0,1.0,-0.0,0.0,-0.0,1.0,-0.0,1.0454659461975098,0.0,1.0454659461975098,1.0454659461975098,0.4338448643684387,-0.0,0.0,-3.93999981880188,0.0,0.0,0.0,0.0,2.0,2.0,2.0,2.0
3.234694400000002,0.0,0.0,0.0,0.469760000705719,0.469760000705719,1.0612586194425926,1.0599422454833984,-0.0,-4.0,1.0,-0.0,0.0,-0.0,1.0,-0.0,1.0599422454833984,0.0,1.0599422454833984,1.0599422454833984,0.43428704142570496,-0.0,0.0,-3.93999981880188,0.0,0.0,0.0,0.0,2.0,2.0,2.0,2.0
3.268612900000001,0.0,0.0,0.0,0.43903884291648865,0.43903884291648865,1.0761501584360549,1.074432611465454,-0.0,-4.0,1.0,-0.0,0.0,-0.0,1.0,-0.0,1.074432611465454,0.0,1.074432611465454,1.074432611465454,0.43471255898475647,-0.0,0.0,-3.93999981880188,0.0,0.0,0.0,0.0,2.0,2.0,2.0,2.0
3.3014258000000005,0.0,0.0,0.0,0.45177793502807617,0.45177793502807617,1.0909743026403376,1.088936686515808,-0.0,-4.0,1.0,-0.0,0.0,-0.0,1.0,-0.0,1.088936686515808,0.0,1.088936686515808,1.088936686515808,0.4351220428943634,-0.0,0.0,-3.93999981880188,0.0,0.0,0.0,0.0,2.0,2.0,2.0,2.0
3.334817000000001,0.0,0.0,0.0,0.5150509476661682,0.5150509476661682,1.1081724718440484,1.1034538745880127,-0.0,-4.0,1.0,-0.0,0.0,-0.0,1.0,-0.0,1.1034538745880127,0.0,1.1034538745880127,1.1034538745880127,0.4355160593986511,-0.0,0.0,-3.93999981880188,0.0,0.0,0.0,0.0,2.0,2.0,2.0,2.0
3.3680428000000013,0.0,0.0,0.0,0.44674888253211975,0.44674888253211975,1.1230160608652844,1.1179836988449097,-0.0,-4.0,1.0,-0.0,0.0,-0.0,1.0,-0.0,1.1179836988449097,0.0,1.1179836988449097,1.1179836988449097,0.43589523434638977,-0.0,0.0,-3.93999981880188,0.0,0.0,0.0,0.0,2.0,2.0,2.0,2.0
3.401571800000003,0.0,0.0,0.0,0.44322484731674194,0.44322484731674194,1.1378769467709682,1.1325256824493408,-0.0,-4.0,1.0,-0.0,0.0,-0.0,1.0,-0.0,1.1325256824493408,0.0,1.1325256824493408,1.1325256824493408,0.4362601041793823,-0.0,0.0,-3.93999981880188,0.0,0.0,0.0,0.0,2.0,2.0,2.0,2.0
3.4347559000000025,0.0,0.0,0.0,0.4850117266178131,0.4850117266178131,1.1539716244082263,1.1470794677734375,-0.0,-4.0,1.0,-0.0,0.0,-0.0,1.0,-0.0,1.1470794677734375,0.0,1.1470794677734375,1.1470794677734375,0.43661120533943176,-0.0,0.0,-3.93999981880188,0.0,0.0,0.0,0.0,2.0,2.0,2.0,2.0
3.4690601,0.0,0.0,0.0,0.41712814569473267,0.41712814569473267,1.1682808717437665,1.161644458770752,-0.0,-4.0,1.0,-0.0,0.0,-0.0,1.0,-0.0,1.161644458770752,0.0,1.161644458770752,1.161644458770752,0.43694907426834106,-0.0,0.0,-3.93999981880188,0.0,0.0,0.0,0.0,2.0,2.0,2.0,2.0
3.5014618000000013,0.0,0.0,0.0,0.4009692072868347,0.4009692072868347,1.1812729557075128,1.176220178604126,-0.0,-4.0,1.0,-0.0,0.0,-0.0,1.0,-0.0,1.176220178604126,0.0,1.176220178604126,1.176220178604126,0.43727418780326843,-0.0,0.0,-3.93999981880188,0.0,0.0,0.0,0.0,2.0,2.0,2.0,2.0
3.5347915000000008,0.0,0.0,0.0,0.4137272238731384,0.4137272238731384,1.195062359961037,1.19080650806427,-0.0,-4.0,1.0,-0.0,0.0,-0.0,1.0,-0.0,1.19080650806427,0.0,1.19080650806427,1.19080650806427,0.43758705258369446,-0.0,0.0,-3.93999981880188,0.0,0.0,0.0,0.0,2.0,2.0,2.0,2.0
3.5682509000000024,0.0,0.0,0.0,0.36307650804519653,0.36307650804519653,1.2072106820743251,1.2054027318954468,-0.0,-4.0,1.0,-0.0,0.0,-0.0,1.0,-0.0,1.2054027318954468,0.0,1.2054027318954468,1.2054027318954468,0.43788808584213257,-0.0,0.0,-3.93999981880188,0.0,0.0,0.0,0.0,2.0,2.0,2.0,2.0
3.601528400000003,0.0,0.0,0.0,0.4013918340206146,0.4013918340206146,1.2205679988309464,1.2200086116790771,-0.0,-4.0,1.0,-0.0,0.0,-0.0,1.0,-0.0,1.2200086116790771,0.0,1.2200086116790771,1.2200086116790771,0.43817779421806335,-0.0,0.0,-3.93999981880188,0.0,0.0,0.0,0.0,2.0,2.0,2.0,2.0
3.634877300000003,0.0,0.0,0.0,0.3886640667915344,0.3886640667915344,1.2335295179279706,1.234623908996582,-0.0,-4.0,1.0,-0.0,0.0,-0.0,1.0,-0.0,1.234623908996582,0.0,1.234623908996582,1.234623908996582,0.43845653533935547,-0.0,0.0,-3.93999981880188,0.0,0.0,0.0,0.0,2.0,2.0,2.0,2.0
3.668135300000003,0.0,0.0,0.0,0.4273909628391266,0.4273909628391266,1.2477436865700744,1.2492480278015137,-0.0,-4.0,1.0,-0.0,0.0,-0.0,1.0,-0.0,1.2492480278015137,0.0,1.2492480278015137,1.2492480278015137,0.4387247860431671,-0.0,0.0,-3.93999981880188,0.0,0.0,0.0,0.0,2.0,2.0,2.0,2.0
3.7015338,0.0,0.0,0.0,0.3989109694957733,0.3989109694957733,1.2610667145847778,1.2638808488845825,-0.0,-4.0,1.0,-0.0,0.0,-0.0,1.0,-0.0,1.2638808488845825,0.0,1.2638808488845825,1.2638808488845825,0.43898287415504456,-0.0,0.0,-3.93999981880188,0.0,0.0,0.0,0.0,2.0,2.0,2.0,2.0
3.7348134,0.0,0.0,0.0,0.4641556739807129,0.4641556739807129,1.2765136297525865,1.2785217761993408,-0.0,-4.0,1.0,-0.0,0.0,-0.0,1.0,-0.0,1.2785217761993408,0.0,1.2785217761993408,1.2785217761993408,0.4392312467098236,-0.0,0.0,-3.93999981880188,0.0,0.0,0.0,0.0,2.0,2.0,2.0,2.0
3.7682728999999995,0.0,0.0,0.0,0.4761098027229309,0.4761098027229309,1.2924440256967942,1.2931708097457886,-0.0,-4.0,1.0,-0.0,0.0,-0.0,1.0,-0.0,1.2931708097457886,0.0,1.2931708097457886,1.2931708097457886,0.43947023153305054,-0.0,0.0,-3.93999981880188,0.0,0.0,0.0,0.0,2.0,2.0,2.0,2.0
3.801603400000001,0.0,0.0,0.0,0.4668329954147339,0.4668329954147339,1.3080038028504657,1.3078274726867676,-0.0,-4.0,1.0,-0.0,0.0,-0.0,1.0,-0.0,1.3078274726867676,0.0,1.3078274726867676,1.3078274726867676,0.4397002160549164,-0.0,0.0,-3.93999981880188,0.0,0.0,0.0,0.0,2.0,2.0,2.0,2.0
3.8348446000000003,0.0,0.0,0.0,0.39162757992744446,0.39162757992744446,1.3210219735603494,1.3224915266036987,-0.0,-4.0,1.0,-0.0,0.0,-0.0,1.0,-0.0,1.3224915266036987,0.0,1.3224915266036987,1.3224915266036987,0.439921498298645,-0.0,0.0,-3.93999981880188,0.0,0.0,0.0,0.0,2.0,2.0,2.0,2.0
3.8682757000000016,0.0,0.0,0.0,0.3998044729232788,0.3998044729232788,1.3343878768750954,1.337162733078003,-0.0,-4.0,1.0,-0.0,0.0,-0.0,1.0,-0.0,1.337162733078003,0.0,1.337162733078003,1.337162733078003,0.4401344358921051,-0.0,0.0,-3.93999981880188,0.0,0.0,0.0,0.0,2.0,2.0,2.0,2.0
3.9015797000000028,0.0,0.0,0.0,0.3485207259654999,0.3485207259654999,1.3459950111326509,1.3518407344818115,-0.0,-4.0,1.0,-0.0,0.0,-0.0,1.0,-0.0,1.3518407344818115,0.0,1.3518407344818115,1.3518407344818115,0.4403393268585205,-0.0,0.0,-3.93999981880188,0.0,0.0,0.0,0.0,2.0,2.0,2.0,2.0
3.9349604000000014,0.0,0.0,0.0,0.46701276302337646,0.46701276302337646,1.3615842240713045,1.3665252923965454,-0.0,-4.0,1.0,-0.0,0.0,-0.0,1.0,-0.0,1.3665252923965454,0.0,1.3665252923965454,1.3665252923965454,0.4405364692211151,-0.0,0.0,-3.93999981880188,0.0,0.0,0.0,0.0,2.0,2.0,2.0,2.0
3.9682619000000017,0.0,0.0,0.0,0.427707701921463,0.427707701921463,1.3758275321068423,1.3812161684036255,-0.0,-4.0,1.0,-0.0,0.0,-0.0,1.0,-0.0,1.3812161684036255,0.0,1.3812161684036255,1.3812161684036255,0.4407261908054352,-0.0,0.0,-3.93999981880188,0.0,0.0,0.0,0.0,2.0,2.0,2.0,2.0
4.002313100000002,0.0,0.0,0.0,0.4368281960487366,0.4368281960487366,1.3907020563761372,1.3959131240844727,-0.0,-4.0,1.0,-0.0,0.0,-0.0,1.0,-0.0,1.3959131240844727,0.0,1.3959131240844727,1.3959131240844727,0.4409087300300598,-0.0,0.0,-3.93999981880188,0.0,0.0,0.0,0.0,2.0,2.0,2.0,2.0
4.034932000000001,0.0,0.0,0.0,0.4262128174304962,0.4262128174304962,1.4046046496466205,1.4106159210205078,-0.0,-4.0,1.0,-0.0,0.0,-0.0,1.0,-0.0,1.4106159210205078,0.0,1.4106159210205078,1.4106159210205078,0.4410843849182129,-0.0,0.0,-3.93999981880188,0.0,0.0,0.0,0.0,2.0,2.0,2.0,2.0
4.068281300000002,0.0,0.0,0.0,0.344389945268631,0.344389945268631,1.416089813248368,1.4253243207931519,-0.0,-4.0,1.0,-0.0,0.0,-0.0,1.0,-0.0,1.4253243207931519,0.0,1.4253243207931519,1.4253243207931519,0.4412533938884735,-0.0,0.0,-3.93999981880188,0.0,0.0,0.0,0.0,2.0,2.0,2.0,2.0
4.101632200000001,0.0,0.0,0.0,0.4703846275806427,0.4703846275806427,1.4317775639243464,1.4400382041931152,-0.0,-4.0,1.0,-0.0,0.0,-0.0,1.0,-0.0,1.4400382041931152,0.0,1.4400382041931152,1.4400382041931152,0.44141602516174316,-0.0,0.0,-3.93999981880188,0.0,0.0,0.0,0.0,2.0,2.0,2.0,2.0
4.134928300000002,0.0,0.0,0.0,0.435954213142395,0.435954213142395,1.4462931390005573,1.4547573328018188,-0.0,-4.0,1.0,-0.0,0.0,-0.0,1.0,-0.0,1.4547573328018188,0.0,1.4547573328018188,1.4547573328018188,0.44157251715660095,-0.0,0.0,-3.93999981880188,0.0,0.0,0.0,0.0,2.0,2.0,2.0,2.0
4.1683901,0.0,0.0,0.0,0.43639859557151794,0.43639859557151794,1.4608958215258514,1.469481348991394,-0.0,-4.0,1.0,-0.0,0.0,-0.0,1.0,-0.0,1.469481348991394,0.0,1.469481348991394,1.469481348991394,0.441723108291626,-0.0,0.0,-3.93999981880188,0.0,0.0,0.0,0.0,2.0,2.0,2.0,2.0
4.201696500000001,0.0,0.0,0.0,0.43982213735580444,0.43982213735580444,1.475544713561479,1.4842103719711304,-0.0,-4.0,1.0,-0.0,0.0,-0.0,1.0,-0.0,1.4842103719711304,0.0,1.4842103719711304,1.4842103719711304,0.44186800718307495,-0.0,0.0,-3.93999981880188,0.0,0.0,0.0,0.0,2.0,2.0,2.0,2.0
4.2351154000000015,0.0,0.0,0.0,0.45915913581848145,0.45915913581848145,1.4908893068054836,1.4989439249038696,-0.0,-4.0,1.0,-0.0,0.0,-0.0,1.0,-0.0,1.4989439249038696,0.0,1.4989439249038696,1.4989439249038696,0.4420074224472046,-0.0,0.0,-3.93999981880188,0.0,0.0,0.0,0.0,2.0,2.0,2.0,2.0
4.268337200000001,0.0,0.0,0.0,0.4391610324382782,0.4391610324382782,1.5054790267929414,1.5136820077896118,-0.0,-4.0,1.0,-0.0,0.0,-0.0,1.0,-0.0,1.5136820077896118,0.0,1.5136820077896118,1.5136820077896118,0.4421415627002716,-0.0,0.0,-3.93999981880188,0.0,0.0,0.0,0.0,2.0,2.0,2.0,2.0
4.301903300000003,0.0,0.0,0.0,0.37340816855430603,0.37340816855430603,1.5180128827194528,1.5284242630004883,-0.0,-4.0,1.0,-0.0,0.0,-0.0,1.0,-0.0,1.5284242630004883,0.0,1.5284242630004883,1.5284242630004883,0.4422706365585327,-0.0,0.0,-3.93999981880188,0.0,0.0,0.0,0.0,2.0,2.0,2.0,2.0
4.3350373,0.0,0.0,0.0,0.43856513500213623,0.43856513500213623,1.5325442999026122,1.5431708097457886,-0.0,-4.0,1.0,-0.0,0.0,-0.0,1.0,-0.0,1.5431708097457886,0.0,1.5431708097457886,1.5431708097457886,0.44239485263824463,-0.0,0.0,-3.93999981880188,0.0,0.0,0.0,0.0,2.0,2.0,2.0,2.0
4.368338000000001,0.0,0.0,0.0,0.4359615743160248,0.4359615743160248,1.5470621255004386,1.557921290397644,-0.0,-4.0,1.0,-0.0,0.0,-0.0,1.0,-0.0,1.557921290397644,0.0,1.557921290397644,1.557921290397644,0.4425143599510193,-0.0,0.0,-3.93999981880188,0.0,0.0,0.0,0.0,2.0,2.0,2.0,2.0
4.4016929000000005,0.0,0.0,0.0,0.42116373777389526,0.42116373777389526,1.5611099998575129,1.5726755857467651,-0.0,-4.0,1.0,-0.0,0.0,-0.0,1.0,-0.0,1.5726755857467651,0.0,1.5726755857467651,1.5726755857467651,0.4426293671131134,-0.0,0.0,-3.93999981880188,0.0,0.0,0.0,0.0,2.0,2.0,2.0,2.0
4.435095500000003,0.0,0.0,0.0,0.4193519055843353,0.4193519055843353,1.5751174438189852,1.5874335765838623,-0.0,-4.0,1.0,-0.0,0.0,-0.0,1.0,-0.0,1.5874335765838623,0.0,1.5874335765838623,1.5874335765838623,0.4427400231361389,-0.0,0.0,-3.93999981880188,0.0,0.0,0.0,0.0,2.0,2.0,2.0,2.0
4.468455300000002,0.0,0.0,0.0,0.43508028984069824,0.43508028984069824,1.5896316352720128,1.602195143699646,-0.0,-4.0,1.0,-0.0,0.0,-0.0,1.0,-0.0,1.602195143699646,0.0,1.602195143699646,1.602195143699646,0.44284647703170776,-0.0,0.0,-3.93999981880188,0.0,0.0,0.0,0.0,2.0,2.0,2.0,2.0
4.501692800000001,0.0,0.0,0.0,0.45438626408576965,0.45438626408576965,1.604734298724563,1.6169601678848267,-0.0,-4.0,1.0,-0.0,0.0,-0.0,1.0,-0.0,1.6169601678848267,0.0,1.6169601678848267,1.6169601678848267,0.44294893741607666,-0.0,0.0,-3.93999981880188,0.0,0.0,0.0,0.0,2.0,2.0,2.0,2.0
4.5361154,0.0,0.0,0.0,0.49051716923713684,0.49051716923713684,1.621619175034345,1.6317284107208252,-0.0,-4.0,1.0,-0.0,0.0,-0.0,1.0,-0.0,1.6317284107208252,0.0,1.6317284107208252,1.6317284107208252,0.44304752349853516,-0.0,0.0,-3.93999981880188,0.0,0.0,0.0,0.0,2.0,2.0,2.0,2.0
4.568344500000002,0.0,0.0,0.0,0.4378342926502228,0.4378342926502228,1.6357301802355992,1.646499752998352,-0.0,-4.0,1.0,-0.0,0.0,-0.0,1.0,-0.0,1.646499752998352,0.0,1.646499752998352,1.646499752998352,0.4431423544883728,-0.0,0.0,-3.93999981880188,0.0,0.0,0.0,0.0,2.0,2.0,2.0,2.0
4.601734200000003,0.0,0.0,0.0,0.45724010467529297,0.45724010467529297,1.6509972901586762,1.6612741947174072,-0.0,-4.0,1.0,-0.0,0.0,-0.0,1.0,-0.0,1.6612741947174072,0.0,1.6612741947174072,1.6612741947174072,0.4432336390018463,-0.0,0.0,-3.93999981880188,0.0,0.0,0.0,0.0,2.0,2.0,2.0,2.0
4.635184000000002,0.0,0.0,0.0,0.4245622754096985,0.4245622754096985,1.6651988133586755,1.6760516166687012,-0.0,-4.0,1.0,-0.0,0.0,-0.0,1.0,-0.0,1.6760516166687012,0.0,1.6760516166687012,1.6760516166687012,0.44332146644592285,-0.0,0.0,-3.93999981880188,0.0,0.0,0.0,0.0,2.0,2.0,2.0,2.0
4.668385000000001,0.0,0.0,0.0,0.4229969084262848,0.4229969084262848,1.6792427337153357,1.6908317804336548,-0.0,-4.0,1.0,-0.0,0.0,-0.0,1.0,-0.0,1.6908317804336548,0.0,1.6908317804336548,1.6908317804336548,0.44340595602989197,-0.0,0.0,-3.93999981880188,0.0,0.0,0.0,0.0,2.0,2.0,2.0,2.0
4.701785700000002,0.0,0.0,0.0,0.40308335423469543,0.40308335423469543,1.692705999905123,1.705614686012268,-0.0,-4.0,1.0,-0.0,0.0,-0.0,1.0,-0.0,1.705614686012268,0.0,1.705614686012268,1.705614686012268,0.4434872567653656,-0.0,0.0,-3.93999981880188,0.0,0.0,0.0,0.0,2.0,2.0,2.0,2.0
4.735101700000001,0.0,0.0,0.0,0.4405957758426666,0.4405957758426666,1.707384888773097,1.7204002141952515,-0.0,-4.0,1.0,-0.0,0.0,-0.0,1.0,-0.0,1.7204002141952515,0.0,1.7204002141952515,1.7204002141952515,0.4435654878616333,-0.0,0.0,-3.93999981880188,0.0,0.0,0.0,0.0,2.0,2.0,2.0,2.0
4.768585300000002,0.0,0.0,0.0,0.4651056230068207,0.4651056230068207,1.7229582994116082,1.7351882457733154,-0.0,-4.0,1.0,-0.0,0.0,-0.0,1.0,-0.0,1.7351882457733154,0.0,1.7351882457733154,1.7351882457733154,0.4436407685279846,-0.0,0.0,-3.93999981880188,0.0,0.0,0.0,0.0,2.0,2.0,2.0,2.0
4.801704600000001,0.0,0.0,0.0,0.4604182243347168,0.4604182243347168,1.7382070287088165,1.7499786615371704,-0.0,-4.0,1.0,-0.0,0.0,-0.0,1.0,-0.0,1.7499786615371704,0.0,1.7499786615371704,1.7499786615371704,0.4437132179737091,-0.0,0.0,-3.93999981880188,0.0,0.0,0.0,0.0,2.0,2.0,2.0,2.0
4.8355864,0.0,0.0,0.0,0.4395328164100647,0.4395328164100647,1.7530991916878589,1.7647714614868164,-0.0,-4.0,1.0,-0.0,0.0,-0.0,1.0,-0.0,1.7647714614868164,0.0,1.7647714614868164,1.7647714614868164,0.44378289580345154,-0.0,0.0,-3.93999981880188,0.0,0.0,0.0,0.0,2.0,2.0,2.0,2.0
4.8684270000000005,0.0,0.0,0.0,0.42356741428375244,0.42356741428375244,1.767009399713386,1.7795665264129639,-0.0,-4.0,1.0,-0.0,0.0,-0.0,1.0,-0.0,1.7795665264129639,0.0,1.7795665264129639,1.7795665264129639,0.44384995102882385,-0.0,0.0,-3.93999981880188,0.0,0.0,0.0,0.0,2.0,2.0,2.0,2.0
4.9018215000000005,0.0,0.0,0.0,0.426114946603775,0.426114946603775,1.7812392952977458,1.7943636178970337,-0.0,-4.0,1.0,-0.0,0.0,-0.0,1.0,-0.0,1.7943636178970337,0.0,1.7943636178970337,1.7943636178970337,0.4439144730567932,-0.0,0.0,-3.93999981880188,0.0,0.0,0.0,0.0,2.0,2.0,2.0,2.0
4.935274400000001,0.0,0.0,0.0,0.4978513717651367,0.4978513717651367,1.797893867452268,1.8091628551483154,-0.0,-4.0,1.0,-0.0,0.0,-0.0,1.0,-0.0,1.8091628551483154,0.0,1.8091628551483154,1.8091628551483154,0.44397658109664917,-0.0,0.0,-3.93999981880188,0.0,0.0,0.0,0.0,2.0,2.0,2.0,2.0
4.968499900000001,0.0,0.0,0.0,0.4103901982307434,0.4103901982307434,1.8115292869835837,1.8239641189575195,-0.0,-4.0,1.0,-0.0,0.0,-0.0,1.0,-0.0,1.8239641189575195,0.0,1.8239641189575195,1.8239641189575195,0.4440363049507141,-0.0,0.0,-3.93999981880188,0.0,0.0,0.0,0.0,2.0,2.0,2.0,2.0
5.001866100000001,0.0,0.0,0.0,0.4664258062839508,0.4664258062839508,1.827092143721215,1.838767170906067,-0.0,-4.0,1.0,-0.0,0.0,-0.0,1.0,-0.0,1.838767170906067,0.0,1.838767170906067,1.838767170906067,0.4440937936306,-0.0,0.0,-3.93999981880188,0.0,0.0,0.0,0.0,2.0,2.0,2.0,2.0
5.0351880000000016,0.0,0.0,0.0,0.4209721088409424,0.4209721088409424,1.8411197342348025,1.853572130203247,-0.0,-4.0,1.0,-0.0,0.0,-0.0,1.0,-0.0,1.853572130203247,0.0,1.853572130203247,1.853572130203247,0.44414910674095154,-0.0,0.0,-3.93999981880188,0.0,0.0,0.0,0.0,2.0,2.0,2.0,2.0
5.068654500000001,0.0,0.0,0.0,0.46607711911201477,0.46607711911201477,1.8567177041415643,1.8683788776397705,-0.0,-4.0,1.0,-0.0,0.0,-0.0,1.0,-0.0,1.8683788776397705,0.0,1.8683788776397705,1.8683788776397705,0.44420233368873596,-0.0,0.0,-3.93999981880188,0.0,0.0,0.0,0.0,2.0,2.0,2.0,2.0
5.1018381999999995,0.0,0.0,0.0,0.4537877142429352,0.4537877142429352,1.871776059514687,1.8831874132156372,-0.0,-4.0,1.0,-0.0,0.0,-0.0,1.0,-0.0,1.8831874132156372,0.0,1.8831874132156372,1.8831874132156372,0.444253534078598,-0.0,0.0,-3.93999981880188,0.0,0.0,0.0,0.0,2.0,2.0,2.0,2.0
5.1353933000000005,0.0,0.0,0.0,0.42572036385536194,0.42572036385536194,1.8860611488958905,1.897997498512268,-0.0,-4.0,1.0,-0.0,0.0,-0.0,1.0,-0.0,1.897997498512268,0.0,1.897997498512268,1.897997498512268,0.4443027973175049,-0.0,0.0,-3.93999981880188,0.0,0.0,0.0,0.0,2.0,2.0,2.0,2.0
5.1685617000000015,0.0,0.0,0.0,0.442628413438797,0.442628413438797,1.9007424251641942,1.912809133529663,-0.0,-4.0,1.0,-0.0,0.0,-0.0,1.0,-0.0,1.912809133529663,0.0,1.912809133529663,1.912809133529663,0.4443502128124237,-0.0,0.0,-3.93999981880188,0.0,0.0,0.0,0.0,2.0,2.0,2.0,2.0
5.201863200000002,0.0,0.0,0.0,0.4721626937389374,0.4721626937389374,1.9164661511097416,1.9276223182678223,-0.0,-4.0,1.0,-0.0,0.0,-0.0,1.0,-0.0,1.9276223182678223,0.0,1.9276223182678223,1.9276223182678223,0.4443958103656769,-0.0,0.0,-3.93999981880188,0.0,0.0,0.0,0.0,2.0,2.0,2.0,2.0
5.235319400000002,0.0,0.0,0.0,0.44875848293304443,0.44875848293304443,1.9314799046664461,1.942436933517456,-0.0,-4.0,1.0,-0.0,0.0,-0.0,1.0,-0.0,1.942436933517456,0.0,1.942436933517456,1.942436933517456,0.44443970918655396,-0.0,0.0,-3.93999981880188,0.0,0.0,0.0,0.0,2.0,2.0,2.0,2.0
5.268569600000003,0.0,0.0,0.0,0.44709524512290955,0.44709524512290955,1.9463459109858325,1.957253098487854,-0.0,-4.0,1.0,-0.0,0.0,-0.0,1.0,-0.0,1.957253098487854,0.0,1.957253098487854,1.957253098487854,0.4444819390773773,-0.0,0.0,-3.93999981880188,0.0,0.0,0.0,0.0,2.0,2.0,2.0,2.0
5.302438800000001,0.0,0.0,0.0,0.4358910322189331,0.4358910322189331,1.961109191534261,1.9720704555511475,-0.0,-4.0,1.0,-0.0,0.0,-0.0,1.0,-0.0,1.9720704555511475,0.0,1.9720704555511475,1.9720704555511475,0.44452258944511414,-0.0,0.0,-3.93999981880188,0.0,0.0,0.0,0.0,2.0,2.0,2.0,2.0
5.3356334000000025,0.0,0.0,0.0,0.3781184256076813,0.3781184256076813,1.9736606814249384,1.9868892431259155,-0.0,-4.0,1.0,-0.0,0.0,-0.0,1.0,-0.0,1.9868892431259155,0.0,1.9868892431259155,1.9868892431259155,0.4445616900920868,-0.0,0.0,-3.93999981880188,0.0,0.0,0.0,0.0,2.0,2.0,2.0,2.0
5.368978200000001,0.0,0.0,0.0,0.5199664831161499,0.5199664831161499,1.990998859811149,2.001709222793579,-0.0,-4.0,1.0,-0.0,0.0,-0.0,1.0,-0.0,2.001709222793579,0.0,2.001709222793579,2.001709222793579,0.44459930062294006,-0.0,0.0,-3.93999981880188,0.0,0.0,0.0,0.0,2.0,2.0,2.0,2.0
5.4023906,0.0,0.0,0.0,0.41614988446235657,0.41614988446235657,2.004903426210759,2.0165302753448486,-0.0,-4.0,1.0,-0.0,0.0,-0.0,1.0,-0.0,2.0165302753448486,0.0,2.0165302753448486,2.0165302753448486,0.4446355104446411,-0.0,0.0,-3.93999981880188,0.0,0.0,0.0,0.0,2.0,2.0,2.0,2.0
