time,current_x,current_y,current_z,current_magnitude,dvl_forward_velocity_raw,dvl_forward_velocity_used,dvl_distance_estimated,pose_x,pose_y,pose_z,pose_forward_x,pose_forward_y,pose_forward_z,pose_right_x,pose_right_y,pose_right_z,pose_forward_displacement,pose_lateral_drift,pose_ground_truth_displacement,pose_euclidean_displacement,gt_velocity_x,gt_velocity_y,gt_velocity_z,depth_m,cmd_0,cmd_1,cmd_2,cmd_3,cmd_4,cmd_5,cmd_6,cmd_7
0.0,0.5,0.0,0.0,0.5,-0.02070937491953373,-0.02070937491953373,0.0,0.002058895770460367,-0.0,-4.0,1.0,-0.0,0.0,-0.0,1.0,-0.0,0.0,0.0,0.0,0.0,0.010610214434564114,-0.0,0.0,-3.93999981880188,0.0,0.0,0.0,0.0,0.0,0.0,0.0,0.0
0.03333140000000867,0.5,0.0,0.0,0.5,-0.004027203656733036,-0.004027203656733036,-0.00013423233596406643,0.0029692614916712046,-0.0,-4.0,1.0,-0.0,0.0,-0.0,1.0,-0.0,0.0009103657212108374,0.0,0.0009103657212108374,0.0009103657212108374,0.027310965582728386,-0.0,0.0,-3.93999981880188,0.0,0.0,0.0,0.0,2.0,2.0,2.0,2.0
0.06672459999998637,0.5,0.0,0.0,0.5,0.1052207201719284,0.1052207201719284,0.0033794242168788263,0.004415069241076708,-0.0,-4.0,1.0,-0.0,0.0,-0.0,1.0,-0.0,0.0023561734706163406,0.0,0.0023561734706163406,0.0023561734706163406,0.043374232947826385,-0.0,0.0,-3.93999981880188,0.0,0.0,0.0,0.0,2.0,2.0,2.0,2.0
0.1000306999999907,0.5,0.0,0.0,0.5,0.10860444605350494,0.10860444605350494,0.006996614757581938,0.006375968921929598,-0.0,-4.0,1.0,-0.0,0.0,-0.0,1.0,-0.0,0.004317073151469231,0.0,0.004317073151469231,0.004317073151469231,0.058826994150877,-0.0,0.0,-3.93999981880188,0.0,0.0,0.0,0.0,2.0,2.0,2.0,2.0
0.1334446999999841,0.5,0.0,0.0,0.5,0.0646744892001152,0.0646744892001152,0.009157648139714161,0.00883246585726738,-0.0,-4.0,1.0,-0.0,0.0,-0.0,1.0,-0.0,0.0067735700868070126,0.0,0.0067735700868070126,0.0067735700868070126,0.07369489967823029,-0.0,0.0,-3.93999981880188,0.0,0.0,0.0,0.0,2.0,2.0,2.0,2.0
0.16683360000001812,0.5,0.0,0.0,0.5,0.11122490465641022,0.11122490465641022,0.01287132535880036,0.011765878647565842,-0.0,-4.0,1.0,-0.0,0.0,-0.0,1.0,-0.0,0.009706982877105474,0.0,0.009706982877105474,0.009706982877105474,0.08800236135721207,-0.0,0.0,-3.93999981880188,0.0,0.0,0.0,0.0,2.0,2.0,2.0,2.0
0.20017719999998462,0.5,0.0,0.0,0.5,0.11332637816667557,0.11332637816667557,0.016650034781834928,0.015158298425376415,-0.0,-4.0,1.0,-0.0,0.0,-0.0,1.0,-0.0,0.013099402654916048,0.0,0.013099402654916048,0.013099402654916048,0.10177259147167206,-0.0,0.0,-3.93999981880188,0.0,0.0,0.0,0.0,2.0,2.0,2.0,2.0
0.2335140999999794,0.5,0.0,0.0,0.5,0.09407205879688263,0.09407205879688263,0.019786105598740233,0.018992556259036064,-0.0,-4.0,1.0,-0.0,0.0,-0.0,1.0,-0.0,0.016933660488575697,0.0,0.016933660488575697,0.016933660488575697,0.11502771824598312,-0.0,0.0,-3.93999981880188,0.0,0.0,0.0,0.0,2.0,2.0,2.0,2.0
0.2667948999999794,0.5,0.0,0.0,0.5,0.11788346618413925,0.11788346618413925,0.023709361660121334,0.023252183571457863,-0.0,-4.0,1.0,-0.0,0.0,-0.0,1.0,-0.0,0.021193287800997496,0.0,0.021193287800997496,0.021193287800997496,0.12778879702091217,-0.0,0.0,-3.93999981880188,0.0,0.0,0.0,0.0,2.0,2.0,2.0,2.0
0.300177299999973,0.5,0.0,0.0,0.5,0.12389474362134933,0.12389474362134933,0.02784526554958587,0.02792138047516346,-0.0,-4.0,1.0,-0.0,0.0,-0.0,1.0,-0.0,0.025862484704703093,0.0,0.025862484704703093,0.025862484704703093,0.1400759369134903,-0.0,0.0,-3.93999981880188,0.0,0.0,0.0,0.0,2.0,2.0,2.0,2.0
0.33350659999996424,0.5,0.0,0.0,0.5,0.1893794685602188,0.1893794685602188,0.03415715067106831,0.03298499062657356,-0.0,-4.0,1.0,-0.0,0.0,-0.0,1.0,-0.0,0.030926094856113195,0.0,0.030926094856113195,0.030926094856113195,0.1519082635641098,-0.0,0.0,-3.93999981880188,0.0,0.0,0.0,0.0,2.0,2.0,2.0,2.0
0.36680330000001504,0.5,0.0,0.0,0.5,0.1089799553155899,0.1089799553155899,0.03778582354923045,0.03842845931649208,-0.0,-4.0,1.0,-0.0,0.0,-0.0,1.0,-0.0,0.036369563546031713,0.0,0.036369563546031713,0.036369563546031713,0.16330404579639435,-0.0,0.0,-3.93999981880188,0.0,0.0,0.0,0.0,2.0,2.0,2.0,2.0
0.40027370000001383,0.5,0.0,0.0,0.5,0.1875743567943573,0.1875743567943573,0.04406401230088008,0.04423781484365463,-0.0,-4.0,1.0,-0.0,0.0,-0.0,1.0,-0.0,0.042178919073194265,0.0,0.042178919073194265,0.042178919073194265,0.17428073287010193,-0.0,0.0,-3.93999981880188,0.0,0.0,0.0,0.0,2.0,2.0,2.0,2.0
0.43364769999999453,0.5,0.0,0.0,0.5,0.21925725042819977,0.21925725042819977,0.05138150377666659,0.050399649888277054,-0.0,-4.0,1.0,-0.0,0.0,-0.0,1.0,-0.0,0.04834075411781669,0.0,0.04834075411781669,0.04834075411781669,0.18485496938228607,-0.0,0.0,-3.93999981880188,0.0,0.0,0.0,0.0,2.0,2.0,2.0,2.0
0.4668525999999815,0.5,0.0,0.0,0.5,0.21943064033985138,0.21943064033985138,0.05866767624608446,0.05690107122063637,-0.0,-4.0,1.0,-0.0,0.0,-0.0,1.0,-0.0,0.054842175450176,0.0,0.054842175450176,0.054842175450176,0.1950426697731018,-0.0,0.0,-3.93999981880188,0.0,0.0,0.0,0.0,2.0,2.0,2.0,2.0
0.5001758999999879,0.5,0.0,0.0,0.5,0.17264243960380554,0.17264243960380554,0.06442069205373506,0.06372970342636108,-0.0,-4.0,1.0,-0.0,0.0,-0.0,1.0,-0.0,0.06167080765590072,0.0,0.06167080765590072,0.06167080765590072,0.20485898852348328,-0.0,0.0,-3.93999981880188,0.0,0.0,0.0,0.0,2.0,2.0,2.0,2.0
0.5335819000000015,0.5,0.0,0.0,0.5,0.20169447362422943,0.20169447362422943,0.07115849763962881,0.07087365537881851,-0.0,-4.0,1.0,-0.0,0.0,-0.0,1.0,-0.0,0.06881475960835814,0.0,0.06881475960835814,0.06881475960835814,0.21431849896907806,-0.0,0.0,-3.93999981880188,0.0,0.0,0.0,0.0,2.0,2.0,2.0,2.0
0.5668417999999633,0.5,0.0,0.0,0.5,0.17431215941905975,0.17431215941905975,0.07695610263068414,0.07832149416208267,-0.0,-4.0,1.0,-0.0,0.0,-0.0,1.0,-0.0,0.0762625983916223,0.0,0.0762625983916223,0.0762625983916223,0.22343504428863525,-0.0,0.0,-3.93999981880188,0.0,0.0,0.0,0.0,2.0,2.0,2.0,2.0
0.6001752999999894,0.5,0.0,0.0,0.5,0.2677726745605469,0.2677726745605469,0.08588190307815512,0.0860622227191925,-0.0,-4.0,1.0,-0.0,0.0,-0.0,1.0,-0.0,0.08400332694873214,0.0,0.08400332694873214,0.08400332694873214,0.23222194612026215,-0.0,0.0,-3.93999981880188,0.0,0.0,0.0,0.0,2.0,2.0,2.0,2.0
0.6335401999999704,0.5,0.0,0.0,0.5,0.3015787601470947,0.3015787601470947,0.09594404825258117,0.09408528357744217,-0.0,-4.0,1.0,-0.0,0.0,-0.0,1.0,-0.0,0.0920263878069818,0.0,0.0920263878069818,0.0920263878069818,0.2406919002532959,-0.0,0.0,-3.93999981880188,0.0,0.0,0.0,0.0,2.0,2.0,2.0,2.0
0.6668611999999712,0.5,0.0,0.0,0.5,0.2835531234741211,0.2835531234741211,0.10539232187986258,0.10238052159547806,-0.0,-4.0,1.0,-0.0,0.0,-0.0,1.0,-0.0,0.10032162582501769,0.0,0.10032162582501769,0.10032162582501769,0.2488570660352707,-0.0,0.0,-3.93999981880188,0.0,0.0,0.0,0.0,2.0,2.0,2.0,2.0
0.7003512999999657,0.5,0.0,0.0,0.5,0.3103286921977997,0.3103286921977997,0.11578526081443441,0.110938161611557,-0.0,-4.0,1.0,-0.0,0.0,-0.0,1.0,-0.0,0.10887926584109664,0.0,0.10887926584109664,0.10887926584109664,0.2567290961742401,-0.0,0.0,-3.93999981880188,0.0,0.0,0.0,0.0,2.0,2.0,2.0,2.0
0.7335735999999997,0.5,0.0,0.0,0.5,0.2844701111316681,0.2844701111316681,0.1252360121874937,0.1197488009929657,-0.0,-4.0,1.0,-0.0,0.0,-0.0,1.0,-0.0,0.11768990522250533,0.0,0.11768990522250533,0.11768990522250533,0.26431918144226074,-0.0,0.0,-3.93999981880188,0.0,0.0,0.0,0.0,2.0,2.0,2.0,2.0
0.7668855999999664,0.5,0.0,0.0,0.5,0.18104025721549988,0.18104025721549988,0.1312668252358504,0.12880340218544006,-0.0,-4.0,1.0,-0.0,0.0,-0.0,1.0,-0.0,0.1267445064149797,0.0,0.1267445064149797,0.1267445064149797,0.2716379463672638,-0.0,0.0,-3.93999981880188,0.0,0.0,0.0,0.0,2.0,2.0,2.0,2.0
0.8002323000000047,0.5,0.0,0.0,0.5,0.3019963502883911,0.3019963502883911,0.14133740693002383,0.1380932629108429,-0.0,-4.0,1.0,-0.0,0.0,-0.0,1.0,-0.0,0.13603436714038253,0.0,0.13603436714038253,0.13603436714038253,0.2786957025527954,-0.0,0.0,-3.93999981880188,0.0,0.0,0.0,0.0,2.0,2.0,2.0,2.0
0.8335955999999669,0.5,0.0,0.0,0.5,0.2688635289669037,0.2688635289669037,0.15030758150599519,0.14760999381542206,-0.0,-4.0,1.0,-0.0,0.0,-0.0,1.0,-0.0,0.1455510980449617,0.0,0.1455510980449617,0.1455510980449617,0.28550225496292114,-0.0,0.0,-3.93999981880188,0.0,0.0,0.0,0.0,2.0,2.0,2.0,2.0
0.8669803999999885,0.5,0.0,0.0,0.5,0.26755648851394653,0.26755648851394653,0.1592399013637414,0.15734556317329407,-0.0,-4.0,1.0,-0.0,0.0,-0.0,1.0,-0.0,0.1552866674028337,0.0,0.1552866674028337,0.1552866674028337,0.2920669615268707,-0.0,0.0,-3.93999981880188,0.0,0.0,0.0,0.0,2.0,2.0,2.0,2.0
0.9003455000000145,0.5,0.0,0.0,0.5,0.3153125047683716,0.3153125047683716,0.16976033461659676,0.16729219257831573,-0.0,-4.0,1.0,-0.0,0.0,-0.0,1.0,-0.0,0.16523329680785537,0.0,0.16523329680785537,0.16523329680785537,0.2983989417552948,-0.0,0.0,-3.93999981880188,0.0,0.0,0.0,0.0,2.0,2.0,2.0,2.0
0.9336761000000138,0.5,0.0,0.0,0.5,0.26002398133277893,0.26002398133277893,0.1784270899288069,0.17744241654872894,-0.0,-4.0,1.0,-0.0,0.0,-0.0,1.0,-0.0,0.17538352077826858,0.0,0.17538352077826858,0.17538352077826858,0.3045068085193634,-0.0,0.0,-3.93999981880188,0.0,0.0,0.0,0.0,2.0,2.0,2.0,2.0
0.9669753000000014,0.5,0.0,0.0,0.5,0.2963419556617737,0.2963419556617737,0.18829503997877578,0.18778905272483826,-0.0,-4.0,1.0,-0.0,0.0,-0.0,1.0,-0.0,0.1857301569543779,0.0,0.1857301569543779,0.1857301569543779,0.3103988766670227,-0.0,0.0,-3.93999981880188,0.0,0.0,0.0,0.0,2.0,2.0,2.0,2.0
1.000375599999984,0.5,0.0,0.0,0.5,0.3125612735748291,0.3125612735748291,0.19873468028455168,0.19832515716552734,-0.0,-4.0,1.0,-0.0,0.0,-0.0,1.0,-0.0,0.19626626139506698,0.0,0.19626626139506698,0.19626626139506698,0.3160831332206726,-0.0,0.0,-3.93999981880188,0.0,0.0,0.0,0.0,2.0,2.0,2.0,2.0
1.0337149000000068,0.5,0.0,0.0,0.5,0.3408106565475464,0.3408106565475464,0.21009706900639508,0.20904406905174255,-0.0,-4.0,1.0,-0.0,0.0,-0.0,1.0,-0.0,0.2069851732812822,0.0,0.2069851732812822,0.2069851732812822,0.32156723737716675,-0.0,0.0,-3.93999981880188,0.0,0.0,0.0,0.0,2.0,2.0,2.0,2.0
1.0669414000000188,0.5,0.0,0.0,0.5,0.3472926914691925,0.3472926914691925,0.22163638961950038,0.21993935108184814,-0.0,-4.0,1.0,-0.0,0.0,-0.0,1.0,-0.0,0.21788045531138778,0.0,0.21788045531138778,0.21788045531138778,0.3268585205078125,-0.0,0.0,-3.93999981880188,0.0,0.0,0.0,0.0,2.0,2.0,2.0,2.0
1.1003532999999948,0.5,0.0,0.0,0.5,0.29744723439216614,0.29744723439216614,0.23157466687028086,0.23100481927394867,-0.0,-4.0,1.0,-0.0,0.0,-0.0,1.0,-0.0,0.2289459235034883,0.0,0.2289459235034883,0.2289459235034883,0.3319641053676605,-0.0,0.0,-3.93999981880188,0.0,0.0,0.0,0.0,2.0,2.0,2.0,2.0
1.133734899999979,0.5,0.0,0.0,0.5,0.28152933716773987,0.28152933716773987,0.24097256659187505,0.2422345131635666,-0.0,-4.0,1.0,-0.0,0.0,-0.0,1.0,-0.0,0.24017561739310622,0.0,0.24017561739310622,0.24017561739310622,0.3368907570838928,-0.0,0.0,-3.93999981880188,0.0,0.0,0.0,0.0,2.0,2.0,2.0,2.0
1.167125599999963,0.5,0.0,0.0,0.5,0.3210160732269287,0.3210160732269287,0.2516915179881683,0.2536226809024811,-0.0,-4.0,1.0,-0.0,0.0,-0.0,1.0,-0.0,0.2515637851320207,0.0,0.2515637851320207,0.2515637851320207,0.34164494276046753,-0.0,0.0,-3.93999981880188,0.0,0.0,0.0,0.0,2.0,2.0,2.0,2.0
1.2003707999999733,0.5,0.0,0.0,0.5,0.3811180293560028,0.3811180293560028,0.2643618630977184,0.265163779258728,-0.0,-4.0,1.0,-0.0,0.0,-0.0,1.0,-0.0,0.26310488348826766,0.0,0.26310488348826766,0.26310488348826766,0.3462330102920532,-0.0,0.0,-3.93999981880188,0.0,0.0,0.0,0.0,2.0,2.0,2.0,2.0
1.2337092999999868,0.5,0.0,0.0,0.5,0.3509972095489502,0.3509972095489502,0.2760635835682708,0.27685248851776123,-0.0,-4.0,1.0,-0.0,0.0,-0.0,1.0,-0.0,0.27479359274730086,0.0,0.27479359274730086,0.27479359274730086,0.35066092014312744,-0.0,0.0,-3.93999981880188,0.0,0.0,0.0,0.0,2.0,2.0,2.0,2.0
1.2670056999999701,0.5,0.0,0.0,0.5,0.3971344530582428,0.3971344530582428,0.2892867311710727,0.28868362307548523,-0.0,-4.0,1.0,-0.0,0.0,-0.0,1.0,-0.0,0.28662472730502486,0.0,0.28662472730502486,0.28662472730502486,0.3549344837665558,-0.0,0.0,-3.93999981880188,0.0,0.0,0.0,0.0,2.0,2.0,2.0,2.0
1.300462600000003,0.5,0.0,0.0,0.5,0.40017634630203247,0.40017634630203247,0.3026753911716783,0.30065226554870605,-0.0,-4.0,1.0,-0.0,0.0,-0.0,1.0,-0.0,0.2985933697782457,0.0,0.2985933697782457,0.2985933697782457,0.35905927419662476,-0.0,0.0,-3.93999981880188,0.0,0.0,0.0,0.0,2.0,2.0,2.0,2.0
1.3336913999999638,0.5,0.0,0.0,0.5,0.4102344214916229,0.4102344214916229,0.316306988716523,0.3127536177635193,-0.0,-4.0,1.0,-0.0,0.0,-0.0,1.0,-0.0,0.3106947219930589,0.0,0.3106947219930589,0.3106947219930589,0.36304065585136414,-0.0,0.0,-3.93999981880188,0.0,0.0,0.0,0.0,2.0,2.0,2.0,2.0
1.3672186999999667,0.5,0.0,0.0,0.5,0.35207048058509827,0.35207048058509827,0.3281109613402448,0.3249830901622772,-0.0,-4.0,1.0,-0.0,0.0,-0.0,1.0,-0.0,0.32292419439181685,0.0,0.32292419439181685,0.32292419439181685,0.3668837249279022,-0.0,0.0,-3.93999981880188,0.0,0.0,0.0,0.0,2.0,2.0,2.0,2.0
1.400691199999983,0.5,0.0,0.0,0.5,0.4182726740837097,0.4182726740837097,0.34211159342351855,0.3373362123966217,-0.0,-4.0,1.0,-0.0,0.0,-0.0,1.0,-0.0,0.33527731662616134,0.0,0.33527731662616134,0.33527731662616134,0.37059348821640015,-0.0,0.0,-3.93999981880188,0.0,0.0,0.0,0.0,2.0,2.0,2.0,2.0
1.4339885999999638,0.5,0.0,0.0,0.5,0.3615969121456146,0.3615969121456146,0.354151830445989,0.3498086929321289,-0.0,-4.0,1.0,-0.0,0.0,-0.0,1.0,-0.0,0.34774979716166854,0.0,0.34774979716166854,0.34774979716166854,0.37417471408843994,-0.0,0.0,-3.93999981880188,0.0,0.0,0.0,0.0,2.0,2.0,2.0,2.0
1.4672972999999843,0.5,0.0,0.0,0.5,0.3139245808124542,0.3139245808124542,0.36460825013090326,0.3623964190483093,-0.0,-4.0,1.0,-0.0,0.0,-0.0,1.0,-0.0,0.36033752327784896,0.0,0.36033752327784896,0.36033752327784896,0.3776319622993469,-0.0,0.0,-3.93999981880188,0.0,0.0,0.0,0.0,2.0,2.0,2.0,2.0
1.5006693999999925,0.5,0.0,0.0,0.5,0.3634251654148102,0.3634251654148102,0.3767365110936458,0.3750954270362854,-0.0,-4.0,1.0,-0.0,0.0,-0.0,1.0,-0.0,0.37303653126582503,0.0,0.37303653126582503,0.37303653126582503,0.3809696435928345,-0.0,0.0,-3.93999981880188,0.0,0.0,0.0,0.0,2.0,2.0,2.0,2.0
1.5339755999999625,0.5,0.0,0.0,0.5,0.3684735894203186,0.3684735894203186,0.38900896615758573,0.38790181279182434,-0.0,-4.0,1.0,-0.0,0.0,-0.0,1.0,-0.0,0.385842917021364,0.0,0.385842917021364,0.385842917021364,0.38419201970100403,-0.0,0.0,-3.93999981880188,0.0,0.0,0.0,0.0,2.0,2.0,2.0,2.0
1.5673922999999945,0.5,0.0,0.0,0.5,0.41398292779922485,0.41398292779922485,0.4028429094609874,0.40081191062927246,-0.0,-4.0,1.0,-0.0,0.0,-0.0,1.0,-0.0,0.3987530148588121,0.0,0.3987530148588121,0.3987530148588121,0.3873031735420227,-0.0,0.0,-3.93999981880188,0.0,0.0,0.0,0.0,2.0,2.0,2.0,2.0
1.6006714999999758,0.5,0.0,0.0,0.5,0.3890019953250885,0.3890019953250885,0.4157885846638028,0.41382214426994324,-0.0,-4.0,1.0,-0.0,0.0,-0.0,1.0,-0.0,0.41176324849948287,0.0,0.41176324849948287,0.41176324849948287,0.3903070390224457,-0.0,0.0,-3.93999981880188,0.0,0.0,0.0,0.0,2.0,2.0,2.0,2.0
1.6340639999999667,0.5,0.0,0.0,0.5,0.3375309109687805,0.3375309109687805,0.4270595856083247,0.4269290864467621,-0.0,-4.0,1.0,-0.0,0.0,-0.0,1.0,-0.0,0.4248701906763017,0.0,0.4248701906763017,0.4248701906763017,0.3932074308395386,-0.0,0.0,-3.93999981880188,0.0,0.0,0.0,0.0,2.0,2.0,2.0,2.0
1.6673399000000018,0.5,0.0,0.0,0.5,0.3309005796909332,0.3309005796909332,0.4380706002080738,0.4401293396949768,-0.0,-4.0,1.0,-0.0,0.0,-0.0,1.0,-0.0,0.43807044392451644,0.0,0.43807044392451644,0.43807044392451644,0.3960079848766327,-0.0,0.0,-3.93999981880188,0.0,0.0,0.0,0.0,2.0,2.0,2.0,2.0
1.7006845999999882,0.5,0.0,0.0,0.5,0.4533628523349762,0.4533628523349762,0.45318784851032173,0.4534197449684143,-0.0,-4.0,1.0,-0.0,0.0,-0.0,1.0,-0.0,0.45136084919795394,0.0,0.45136084919795394,0.45136084919795394,0.39871224761009216,-0.0,0.0,-3.93999981880188,0.0,0.0,0.0,0.0,2.0,2.0,2.0,2.0
1.7341096999999763,0.5,0.0,0.0,0.5,0.36349865794181824,0.36349865794181824,0.46533782750188846,0.46679720282554626,-0.0,-4.0,1.0,-0.0,0.0,-0.0,1.0,-0.0,0.4647383070550859,0.0,0.4647383070550859,0.4647383070550859,0.401323527097702,-0.0,0.0,-3.93999981880188,0.0,0.0,0.0,0.0,2.0,2.0,2.0,2.0
1.7675552000000039,0.5,0.0,0.0,0.5,0.4027450382709503,0.4027450382709503,0.47880783667939064,0.4802587032318115,-0.0,-4.0,1.0,-0.0,0.0,-0.0,1.0,-0.0,0.47819980746135116,0.0,0.47819980746135116,0.47819980746135116,0.4038451611995697,-0.0,0.0,-3.93999981880188,0.0,0.0,0.0,0.0,2.0,2.0,2.0,2.0
1.8007594999999696,0.5,0.0,0.0,0.5,0.35411834716796875,0.35411834716796875,0.4905660885142479,0.49380138516426086,-0.0,-4.0,1.0,-0.0,0.0,-0.0,1.0,-0.0,0.4917424893938005,0.0,0.4917424893938005,0.4917424893938005,0.4062802791595459,-0.0,0.0,-3.93999981880188,0.0,0.0,0.0,0.0,2.0,2.0,2.0,2.0
1.8341287999999736,0.5,0.0,0.0,0.5,0.4804069995880127,0.4804069995880127,0.506596933805602,0.5074224472045898,-0.0,-4.0,1.0,-0.0,0.0,-0.0,1.0,-0.0,0.5053635514341295,0.0,0.5053635514341295,0.5053635514341295,0.4086318910121918,-0.0,0.0,-3.93999981880188,0.0,0.0,0.0,0.0,2.0,2.0,2.0,2.0
1.8675114999999778,0.5,0.0,0.0,0.5,0.3796336352825165,0.3796336352825165,0.5192701295621492,0.521119236946106,-0.0,-4.0,1.0,-0.0,0.0,-0.0,1.0,-0.0,0.5190603411756456,0.0,0.5190603411756456,0.5190603411756456,0.4109029173851013,-0.0,0.0,-3.93999981880188,0.0,0.0,0.0,0.0,2.0,2.0,2.0,2.0
1.9007641999999692,0.5,0.0,0.0,0.5,0.3928687274456024,0.3928687274456024,0.5323340754952762,0.5348891019821167,-0.0,-4.0,1.0,-0.0,0.0,-0.0,1.0,-0.0,0.5328302062116563,0.0,0.5328302062116563,0.5328302062116563,0.41309618949890137,-0.0,0.0,-3.93999981880188,0.0,0.0,0.0,0.0,2.0,2.0,2.0,2.0
1.9341527999999926,0.5,0.0,0.0,0.5,0.40093207359313965,0.40093207359313965,0.5457206361276575,0.5487295389175415,-0.0,-4.0,1.0,-0.0,0.0,-0.0,1.0,-0.0,0.5466706431470811,0.0,0.5466706431470811,0.5466706431470811,0.4152144193649292,-0.0,0.0,-3.93999981880188,0.0,0.0,0.0,0.0,2.0,2.0,2.0,2.0
1.9674114000000031,0.5,0.0,0.0,0.5,0.47008541226387024,0.47008541226387024,0.5613550188199816,0.5626382231712341,-0.0,-4.0,1.0,-0.0,0.0,-0.0,1.0,-0.0,0.5605793274007738,0.0,0.5605793274007738,0.5605793274007738,0.41726019978523254,-0.0,0.0,-3.93999981880188,0.0,0.0,0.0,0.0,2.0,2.0,2.0,2.0
2.0008024999999634,0.5,0.0,0.0,0.5,0.42533835768699646,0.42533835768699646,0.575557534455327,0.5766127705574036,-0.0,-4.0,1.0,-0.0,0.0,-0.0,1.0,-0.0,0.5745538747869432,0.0,0.5745538747869432,0.5745538747869432,0.41923609375953674,-0.0,0.0,-3.93999981880188,0.0,0.0,0.0,0.0,2.0,2.0,2.0,2.0
2.034175599999969,0.5,0.0,0.0,0.5,0.39500191807746887,0.39500191807746887,0.5887399729675205,0.5906509160995483,-0.0,-4.0,1.0,-0.0,0.0,-0.0,1.0,-0.0,0.588592020329088,0.0,0.588592020329088,0.588592020329088,0.4211444854736328,-0.0,0.0,-3.93999981880188,0.0,0.0,0.0,0.0,2.0,2.0,2.0,2.0
2.067501600000014,0.5,0.0,0.0,0.5,0.49709853529930115,0.49709853529930115,0.6053062787549274,0.6047505140304565,-0.0,-4.0,1.0,-0.0,0.0,-0.0,1.0,-0.0,0.6026916182599962,0.0,0.6026916182599962,0.6026916182599962,0.422987699508667,-0.0,0.0,-3.93999981880188,0.0,0.0,0.0,0.0,2.0,2.0,2.0,2.0
2.1008080999999947,0.5,0.0,0.0,0.5,0.38454708456993103,0.38454708456993103,0.6181141962271484,0.618909478187561,-0.0,-4.0,1.0,-0.0,0.0,-0.0,1.0,-0.0,0.6168505824171007,0.0,0.6168505824171007,0.6168505824171007,0.4247680604457855,-0.0,0.0,-3.93999981880188,0.0,0.0,0.0,0.0,2.0,2.0,2.0,2.0
2.1341903,0.5,0.0,0.0,0.5,0.38251274824142456,0.38251274824142456,0.6308833132914954,0.6331257224082947,-0.0,-4.0,1.0,-0.0,0.0,-0.0,1.0,-0.0,0.6310668266378343,0.0,0.6310668266378343,0.6310668266378343,0.4264877140522003,-0.0,0.0,-3.93999981880188,0.0,0.0,0.0,0.0,2.0,2.0,2.0,2.0
2.1675958999999807,0.5,0.0,0.0,0.5,0.4097515642642975,0.4097515642642975,0.6445713101466748,0.6473973393440247,-0.0,-4.0,1.0,-0.0,0.0,-0.0,1.0,-0.0,0.6453384435735643,0.0,0.6453384435735643,0.6453384435735643,0.4281487464904785,-0.0,0.0,-3.93999981880188,0.0,0.0,0.0,0.0,2.0,2.0,2.0,2.0
2.200838499999975,0.5,0.0,0.0,0.5,0.39071589708328247,0.39071589708328247,0.6575597224270532,0.6617224216461182,-0.0,-4.0,1.0,-0.0,0.0,-0.0,1.0,-0.0,0.6596635258756578,0.0,0.6596635258756578,0.6596635258756578,0.42975321412086487,-0.0,0.0,-3.93999981880188,0.0,0.0,0.0,0.0,2.0,2.0,2.0,2.0
2.2342236999999727,0.5,0.0,0.0,0.5,0.45346876978874207,0.45346876978874207,0.6726988680002033,0.6760992407798767,-0.0,-4.0,1.0,-0.0,0.0,-0.0,1.0,-0.0,0.6740403450094163,0.0,0.6740403450094163,0.6740403450094163,0.4313030540943146,-0.0,0.0,-3.93999981880188,0.0,0.0,0.0,0.0,2.0,2.0,2.0,2.0
2.2675906000000055,0.5,0.0,0.0,0.5,0.45298323035240173,0.45298323035240173,0.6878135141490637,0.6905258893966675,-0.0,-4.0,1.0,-0.0,0.0,-0.0,1.0,-0.0,0.6884669936262071,0.0,0.6884669936262071,0.6884669936262071,0.4328001141548157,-0.0,0.0,-3.93999981880188,0.0,0.0,0.0,0.0,2.0,2.0,2.0,2.0
2.3008570000000077,0.5,0.0,0.0,0.5,0.41387760639190674,0.41387760639190674,0.7015817321543403,0.7050007581710815,-0.0,-4.0,1.0,-0.0,0.0,-0.0,1.0,-0.0,0.7029418624006212,0.0,0.7029418624006212,0.7029418624006212,0.4342462718486786,-0.0,0.0,-3.93999981880188,0.0,0.0,0.0,0.0,2.0,2.0,2.0,2.0
2.334244500000011,0.5,0.0,0.0,0.5,0.4857984483242035,0.4857984483242035,0.7178013278477663,0.7195221781730652,-0.0,-4.0,1.0,-0.0,0.0,-0.0,1.0,-0.0,0.7174632824026048,0.0,0.7174632824026048,0.7174632824026048,0.4356432557106018,-0.0,0.0,-3.93999981880188,0.0,0.0,0.0,0.0,2.0,2.0,2.0,2.0
2.367602799999986,0.5,0.0,0.0,0.5,0.4031176269054413,0.4031176269054413,0.7312486465813559,0.734088659286499,-0.0,-4.0,1.0,-0.0,0.0,-0.0,1.0,-0.0,0.7320297635160387,0.0,0.7320297635160387,0.7320297635160387,0.4369927644729614,-0.0,0.0,-3.93999981880188,0.0,0.0,0.0,0.0,2.0,2.0,2.0,2.0
2.4009262999999805,0.5,0.0,0.0,0.5,0.39602819085121155,0.39602819085121155,0.7444456919991841,0.7486985325813293,-0.0,-4.0,1.0,-0.0,0.0,-0.0,1.0,-0.0,0.746639636810869,0.0,0.746639636810869,0.746639636810869,0.43829643726348877,-0.0,0.0,-3.93999981880188,0.0,0.0,0.0,0.0,2.0,2.0,2.0,2.0
2.434296399999994,0.5,0.0,0.0,0.5,0.4636005759239197,0.4636005759239197,0.7599160895778291,0.7633503675460815,-0.0,-4.0,1.0,-0.0,0.0,-0.0,1.0,-0.0,0.7612914717756212,0.0,0.7612914717756212,0.7612914717756212,0.439555823802948,-0.0,0.0,-3.93999981880188,0.0,0.0,0.0,0.0,2.0,2.0,2.0,2.0
2.467670099999964,0.5,0.0,0.0,0.5,0.3697586953639984,0.3697586953639984,0.7722563053492875,0.7780427932739258,-0.0,-4.0,1.0,-0.0,0.0,-0.0,1.0,-0.0,0.7759838975034654,0.0,0.7759838975034654,0.7759838975034654,0.4407724440097809,-0.0,0.0,-3.93999981880188,0.0,0.0,0.0,0.0,2.0,2.0,2.0,2.0
2.5009885000000054,0.5,0.0,0.0,0.5,0.5063343048095703,0.5063343048095703,0.7891265542506757,0.7927743792533875,-0.0,-4.0,1.0,-0.0,0.0,-0.0,1.0,-0.0,0.7907154834829271,0.0,0.7907154834829271,0.7907154834829271,0.4419477880001068,-0.0,0.0,-3.93999981880188,0.0,0.0,0.0,0.0,2.0,2.0,2.0,2.0
2.534476799999993,0.5,0.0,0.0,0.5,0.40533894300460815,0.40533894300460815,0.8027006663756919,0.8075438141822815,-0.0,-4.0,1.0,-0.0,0.0,-0.0,1.0,-0.0,0.8054849184118211,0.0,0.8054849184118211,0.8054849184118211,0.4430832862854004,-0.0,0.0,-3.93999981880188,0.0,0.0,0.0,0.0,2.0,2.0,2.0,2.0
2.5676520000000096,0.5,0.0,0.0,0.5,0.45784711837768555,0.45784711837768555,0.8178898360973029,0.8223498463630676,-0.0,-4.0,1.0,-0.0,0.0,-0.0,1.0,-0.0,0.8202909505926073,0.0,0.8202909505926073,0.8202909505926073,0.4441802501678467,-0.0,0.0,-3.93999981880188,0.0,0.0,0.0,0.0,2.0,2.0,2.0,2.0
2.600901399999998,0.5,0.0,0.0,0.5,0.42731645703315735,0.42731645703315735,0.8320978519037762,0.8371911644935608,-0.0,-4.0,1.0,-0.0,0.0,-0.0,1.0,-0.0,0.8351322687231004,0.0,0.8351322687231004,0.8351322687231004,0.4452400207519531,-0.0,0.0,-3.93999981880188,0.0,0.0,0.0,0.0,2.0,2.0,2.0,2.0
2.6342996999999855,0.5,0.0,0.0,0.5,0.43419763445854187,0.43419763445854187,0.8465993147587075,0.8520666360855103,-0.0,-4.0,1.0,-0.0,0.0,-0.0,1.0,-0.0,0.8500077403150499,0.0,0.8500077403150499,0.8500077403150499,0.4462639093399048,-0.0,0.0,-3.93999981880188,0.0,0.0,0.0,0.0,2.0,2.0,2.0,2.0
2.6676774000000023,0.5,0.0,0.0,0.5,0.4254770874977112,0.4254770874977112,0.860800761342087,0.8669750690460205,-0.0,-4.0,1.0,-0.0,0.0,-0.0,1.0,-0.0,0.8649161732755601,0.0,0.8649161732755601,0.8649161732755601,0.4472530782222748,-0.0,0.0,-3.93999981880188,0.0,0.0,0.0,0.0,2.0,2.0,2.0,2.0
2.7010768999999755,0.5,0.0,0.0,0.5,0.43560367822647095,0.43560367822647095,0.8753497063930004,0.8819153904914856,-0.0,-4.0,1.0,-0.0,0.0,-0.0,1.0,-0.0,0.8798564947210252,0.0,0.8798564947210252,0.8798564947210252,0.448208749294281,-0.0,0.0,-3.93999981880188,0.0,0.0,0.0,0.0,2.0,2.0,2.0,2.0
2.7343827999999917,0.5,0.0,0.0,0.5,0.3885544538497925,0.3885544538497925,0.8882908621774824,0.89688640832901,-0.0,-4.0,1.0,-0.0,0.0,-0.0,1.0,-0.0,0.8948275125585496,0.0,0.8948275125585496,0.8948275125585496,0.4491320550441742,-0.0,0.0,-3.93999981880188,0.0,0.0,0.0,0.0,2.0,2.0,2.0,2.0
2.767630399999973,0.5,0.0,0.0,0.5,0.5309119820594788,0.5309119820594788,0.9059424113921933,0.9118872284889221,-0.0,-4.0,1.0,-0.0,0.0,-0.0,1.0,-0.0,0.9098283327184618,0.0,0.9098283327184618,0.9098283327184618,0.4500241279602051,-0.0,0.0,-3.93999981880188,0.0,0.0,0.0,0.0,2.0,2.0,2.0,2.0
2.8010304999999676,0.5,0.0,0.0,0.5,0.5394536852836609,0.5394536852836609,0.9239602184260332,0.926916778087616,-0.0,-4.0,1.0,-0.0,0.0,-0.0,1.0,-0.0,0.9248578823171556,0.0,0.9248578823171556,0.9248578823171556,0.4508860111236572,-0.0,0.0,-3.93999981880188,0.0,0.0,0.0,0.0,2.0,2.0,2.0,2.0
2.834359099999972,0.5,0.0,0.0,0.5,0.3818080425262451,0.3818080425262451,0.936685345952175,0.9419740438461304,-0.0,-4.0,1.0,-0.0,0.0,-0.0,1.0,-0.0,0.93991514807567,0.0,0.93991514807567,0.93991514807567,0.4517187178134918,-0.0,0.0,-3.93999981880188,0.0,0.0,0.0,0.0,2.0,2.0,2.0,2.0
2.867703199999994,0.5,0.0,0.0,0.5,0.43684887886047363,0.43684887886047363,0.9512516786537961,0.9570581912994385,-0.0,-4.0,1.0,-0.0,0.0,-0.0,1.0,-0.0,0.9549992955289781,0.0,0.9549992955289781,0.9549992955289781,0.45252329111099243,-0.0,0.0,-3.93999981880188,0.0,0.0,0.0,0.0,2.0,2.0,2.0,2.0
2.900985800000001,0.5,0.0,0.0,0.5,0.46579915285110474,0.46579915285110474,0.9667546855384814,0.9721682071685791,-0.0,-4.0,1.0,-0.0,0.0,-0.0,1.0,-0.0,0.9701093113981187,0.0,0.9701093113981187,0.9701093113981187,0.4533006250858307,-0.0,0.0,-3.93999981880188,0.0,0.0,0.0,0.0,2.0,2.0,2.0,2.0
2.9343728000000056,0.5,0.0,0.0,0.5,0.49223899841308594,0.49223899841308594,0.9831890689785014,0.9873032569885254,-0.0,-4.0,1.0,-0.0,0.0,-0.0,1.0,-0.0,0.985244361218065,0.0,0.985244361218065,0.985244361218065,0.4540517032146454,-0.0,0.0,-3.93999981880188,0.0,0.0,0.0,0.0,2.0,2.0,2.0,2.0
2.9676882999999634,0.5,0.0,0.0,0.5,0.3880956768989563,0.3880956768989563,0.9961186705022123,1.0024625062942505,-0.0,-4.0,1.0,-0.0,0.0,-0.0,1.0,-0.0,1.0004036105237901,0.0,1.0004036105237901,1.0004036105237901,0.45477738976478577,-0.0,0.0,-3.93999981880188,0.0,0.0,0.0,0.0,2.0,2.0,2.0,2.0
3.00112409999997,0.5,0.0,0.0,0.5,0.4410352110862732,0.4410352110862732,1.0108650356130535,1.0176451206207275,-0.0,-4.0,1.0,-0.0,0.0,-0.0,1.0,-0.0,1.0155862248502672,0.0,1.0155862248502672,1.0155862248502672,0.4554785490036011,-0.0,0.0,-3.93999981880188,0.0,0.0,0.0,0.0,2.0,2.0,2.0,2.0
3.0343758999999864,0.5,0.0,0.0,0.5,0.4929299056529999,0.4929299056529999,1.0272558422498541,1.0328503847122192,-0.0,-4.0,1.0,-0.0,0.0,-0.0,1.0,-0.0,1.0307914889417589,0.0,1.0307914889417589,1.0307914889417589,0.45615601539611816,-0.0,0.0,-3.93999981880188,0.0,0.0,0.0,0.0,2.0,2.0,2.0,2.0
3.0676798000000076,0.5,0.0,0.0,0.5,0.4405198395252228,0.4405198395252228,1.0419268709334275,1.0480773448944092,-0.0,-4.0,1.0,-0.0,0.0,-0.0,1.0,-0.0,1.0460184491239488,0.0,1.0460184491239488,1.0460184491239488,0.4568105936050415,-0.0,0.0,-3.93999981880188,0.0,0.0,0.0,0.0,2.0,2.0,2.0,2.0
3.1011077999999657,0.5,0.0,0.0,0.5,0.4832321107387543,0.4832321107387543,1.0580803539311823,1.0633254051208496,-0.0,-4.0,1.0,-0.0,0.0,-0.0,1.0,-0.0,1.0612665093503892,0.0,1.0612665093503892,1.0612665093503892,0.45744308829307556,-0.0,0.0,-3.93999981880188,0.0,0.0,0.0,0.0,2.0,2.0,2.0,2.0
3.134430899999984,0.5,0.0,0.0,0.5,0.44924652576446533,0.44924652576446533,1.0730506408338922,1.0785939693450928,-0.0,-4.0,1.0,-0.0,0.0,-0.0,1.0,-0.0,1.0765350735746324,0.0,1.0765350735746324,1.0765350735746324,0.45805421471595764,-0.0,0.0,-3.93999981880188,0.0,0.0,0.0,0.0,2.0,2.0,2.0,2.0
3.1677636000000007,0.5,0.0,0.0,0.5,0.47423696517944336,0.47423696517944336,1.088858239323137,1.0938820838928223,-0.0,-4.0,1.0,-0.0,0.0,-0.0,1.0,-0.0,1.091823188122362,0.0,1.091823188122362,1.091823188122362,0.45864471793174744,-0.0,0.0,-3.93999981880188,0.0,0.0,0.0,0.0,2.0,2.0,2.0,2.0
3.201118699999995,0.5,0.0,0.0,0.5,0.44317057728767395,0.44317057728767395,1.1036402382456225,1.1091892719268799,-0.0,-4.0,1.0,-0.0,0.0,-0.0,1.0,-0.0,1.1071303761564195,0.0,1.1071303761564195,1.1071303761564195,0.45921528339385986,-0.0,0.0,-3.93999981880188,0.0,0.0,0.0,0.0,2.0,2.0,2.0,2.0
3.234397699999988,0.5,0.0,0.0,0.5,0.44673195481300354,0.44673195481300354,1.1185070309698415,1.1245148181915283,-0.0,-4.0,1.0,-0.0,0.0,-0.0,1.0,-0.0,1.122455922421068,0.0,1.122455922421068,1.122455922421068,0.45976659655570984,-0.0,0.0,-3.93999981880188,0.0,0.0,0.0,0.0,2.0,2.0,2.0,2.0
3.267725299999995,0.5,0.0,0.0,0.5,0.3951786756515503,0.3951786756515503,1.1316773878004889,1.1398581266403198,-0.0,-4.0,1.0,-0.0,0.0,-0.0,1.0,-0.0,1.1377992308698595,0.0,1.1377992308698595,1.1377992308698595,0.4602992832660675,-0.0,0.0,-3.93999981880188,0.0,0.0,0.0,0.0,2.0,2.0,2.0,2.0
3.301165400000002,0.5,0.0,0.0,0.5,0.4787483513355255,0.4787483513355255,1.1476867805439874,1.1552186012268066,-0.0,-4.0,1.0,-0.0,0.0,-0.0,1.0,-0.0,1.1531597054563463,0.0,1.1531597054563463,1.1531597054563463,0.4608140289783478,-0.0,0.0,-3.93999981880188,0.0,0.0,0.0,0.0,2.0,2.0,2.0,2.0
3.334559399999989,0.5,0.0,0.0,0.5,0.48371416330337524,0.48371416330337524,1.163839931313334,1.170595645904541,-0.0,-4.0,1.0,-0.0,0.0,-0.0,1.0,-0.0,1.1685367501340806,0.0,1.1685367501340806,1.1685367501340806,0.461311399936676,-0.0,0.0,-3.93999981880188,0.0,0.0,0.0,0.0,2.0,2.0,2.0,2.0
3.367832099999987,0.5,0.0,0.0,0.5,0.4501782953739166,0.4501782953739166,1.1788185786818208,1.1859886646270752,-0.0,-4.0,1.0,-0.0,0.0,-0.0,1.0,-0.0,1.1839297688566148,0.0,1.1839297688566148,1.1839297688566148,0.4617920219898224,-0.0,0.0,-3.93999981880188,0.0,0.0,0.0,0.0,2.0,2.0,2.0,2.0
3.4012460000000146,0.5,0.0,0.0,0.5,0.4202447235584259,0.4202447235584259,1.1928605938503414,1.2013972997665405,-0.0,-4.0,1.0,-0.0,0.0,-0.0,1.0,-0.0,1.1993384039960802,0.0,1.1993384039960802,1.1993384039960802,0.46225640177726746,-0.0,0.0,-3.93999981880188,0.0,0.0,0.0,0.0,2.0,2.0,2.0,2.0
3.4345427999999742,0.5,0.0,0.0,0.5,0.4548289477825165,0.4548289477825165,1.208004942358848,1.2168207168579102,-0.0,-4.0,1.0,-0.0,0.0,-0.0,1.0,-0.0,1.2147618210874498,0.0,1.2147618210874498,1.2147618210874498,0.462705135345459,-0.0,0.0,-3.93999981880188,0.0,0.0,0.0,0.0,2.0,2.0,2.0,2.0
3.467810600000007,0.5,0.0,0.0,0.5,0.46740806102752686,0.46740806102752686,1.2235545802515149,1.232258677482605,-0.0,-4.0,1.0,-0.0,0.0,-0.0,1.0,-0.0,1.2301997817121446,0.0,1.2301997817121446,1.2301997817121446,0.46313875913619995,-0.0,0.0,-3.93999981880188,0.0,0.0,0.0,0.0,2.0,2.0,2.0,2.0
3.5011415999999826,0.5,0.0,0.0,0.5,0.4319226145744324,0.4319226145744324,1.2379509929178847,1.2477105855941772,-0.0,-4.0,1.0,-0.0,0.0,-0.0,1.0,-0.0,1.2456516898237169,0.0,1.2456516898237169,1.2456516898237169,0.46355774998664856,-0.0,0.0,-3.93999981880188,0.0,0.0,0.0,0.0,2.0,2.0,2.0,2.0
3.5345093999999904,0.5,0.0,0.0,0.5,0.4206525981426239,0.4206525981426239,1.2519872446821914,1.2631760835647583,-0.0,-4.0,1.0,-0.0,0.0,-0.0,1.0,-0.0,1.261117187794298,0.0,1.261117187794298,1.261117187794298,0.4639626145362854,-0.0,0.0,-3.93999981880188,0.0,0.0,0.0,0.0,2.0,2.0,2.0,2.0
3.5679693999999813,0.5,0.0,0.0,0.5,0.4822242558002472,0.4822242558002472,1.2681224682812633,1.2786545753479004,-0.0,-4.0,1.0,-0.0,0.0,-0.0,1.0,-0.0,1.27659567957744,0.0,1.27659567957744,1.27659567957744,0.46435385942459106,-0.0,0.0,-3.93999981880188,0.0,0.0,0.0,0.0,2.0,2.0,2.0,2.0
3.601258400000006,0.5,0.0,0.0,0.5,0.47472792863845825,0.47472792863845825,1.2839256862977206,1.2941455841064453,-0.0,-4.0,1.0,-0.0,0.0,-0.0,1.0,-0.0,1.292086688335985,0.0,1.292086688335985,1.292086688335985,0.464731901884079,-0.0,0.0,-3.93999981880188,0.0,0.0,0.0,0.0,2.0,2.0,2.0,2.0
3.6345130999999924,0.5,0.0,0.0,0.5,0.4146834909915924,0.4146834909915924,1.297715861385593,1.309648871421814,-0.0,-4.0,1.0,-0.0,0.0,-0.0,1.0,-0.0,1.3075899756513536,0.0,1.3075899756513536,1.3075899756513536,0.46509721875190735,-0.0,0.0,-3.93999981880188,0.0,0.0,0.0,0.0,2.0,2.0,2.0,2.0
3.6678416999999968,0.5,0.0,0.0,0.5,0.44203540682792664,0.44203540682792664,1.3124482826456,1.3251638412475586,-0.0,-4.0,1.0,-0.0,0.0,-0.0,1.0,-0.0,1.3231049454770982,0.0,1.3231049454770982,1.3231049454770982,0.4654502272605896,-0.0,0.0,-3.93999981880188,0.0,0.0,0.0,0.0,2.0,2.0,2.0,2.0
3.701251500000012,0.5,0.0,0.0,0.5,0.4555875062942505,0.4555875062942505,1.3276693701133968,1.3406902551651,-0.0,-4.0,1.0,-0.0,0.0,-0.0,1.0,-0.0,1.3386313593946397,0.0,1.3386313593946397,1.3386313593946397,0.46579134464263916,-0.0,0.0,-3.93999981880188,0.0,0.0,0.0,0.0,2.0,2.0,2.0,2.0
3.7346895999999674,0.5,0.0,0.0,0.5,0.4338756203651428,0.4338756203651428,1.342177346494709,1.3562276363372803,-0.0,-4.0,1.0,-0.0,0.0,-0.0,1.0,-0.0,1.35416874056682,0.0,1.35416874056682,1.35416874056682,0.46612098813056946,-0.0,0.0,-3.93999981880188,0.0,0.0,0.0,0.0,2.0,2.0,2.0,2.0
3.767856199999983,0.5,0.0,0.0,0.5,0.48673608899116516,0.48673608899116516,1.358320727663851,1.3717756271362305,-0.0,-4.0,1.0,-0.0,0.0,-0.0,1.0,-0.0,1.36971673136577,0.0,1.36971673136577,1.36971673136577,0.46643951535224915,-0.0,0.0,-3.93999981880188,0.0,0.0,0.0,0.0,2.0,2.0,2.0,2.0
3.8012224999999944,0.5,0.0,0.0,0.5,0.42566001415252686,0.42566001415252686,1.3725234273940732,1.387333869934082,-0.0,-4.0,1.0,-0.0,0.0,-0.0,1.0,-0.0,1.3852749741636217,0.0,1.3852749741636217,1.3852749741636217,0.46674731373786926,-0.0,0.0,-3.93999981880188,0.0,0.0,0.0,0.0,2.0,2.0,2.0,2.0
3.8345673000000033,0.5,0.0,0.0,0.5,0.5081015825271606,0.5081015825271606,1.3894659730431294,1.4029020071029663,-0.0,-4.0,1.0,-0.0,0.0,-0.0,1.0,-0.0,1.400843111332506,0.0,1.400843111332506,1.400843111332506,0.46704474091529846,-0.0,0.0,-3.93999981880188,0.0,0.0,0.0,0.0,2.0,2.0,2.0,2.0
3.867895400000009,0.5,0.0,0.0,0.5,0.46237385272979736,0.46237385272979736,1.4048760150442958,1.4184796810150146,-0.0,-4.0,1.0,-0.0,0.0,-0.0,1.0,-0.0,1.4164207852445543,0.0,1.4164207852445543,1.4164207852445543,0.4673321843147278,-0.0,0.0,-3.93999981880188,0.0,0.0,0.0,0.0,2.0,2.0,2.0,2.0
3.9012281999999914,0.5,0.0,0.0,0.5,0.4822665750980377,0.4822665750980377,1.4209513103387152,1.4340667724609375,-0.0,-4.0,1.0,-0.0,0.0,-0.0,1.0,-0.0,1.4320078766904771,0.0,1.4320078766904771,1.4320078766904771,0.4676099121570587,-0.0,0.0,-3.93999981880188,0.0,0.0,0.0,0.0,2.0,2.0,2.0,2.0
3.9346539999999663,0.5,0.0,0.0,0.5,0.4860610365867615,0.4860610365867615,1.437198289335445,1.449662685394287,-0.0,-4.0,1.0,-0.0,0.0,-0.0,1.0,-0.0,1.4476037896238267,0.0,1.4476037896238267,1.4476037896238267,0.4678783118724823,-0.0,0.0,-3.93999981880188,0.0,0.0,0.0,0.0,2.0,2.0,2.0,2.0
3.9680081999999857,0.5,0.0,0.0,0.5,0.5320324897766113,0.5320324897766113,1.4549438074059622,1.465267300605774,-0.0,-4.0,1.0,-0.0,0.0,-0.0,1.0,-0.0,1.4632084048353136,0.0,1.4632084048353136,1.4632084048353136,0.4681376814842224,-0.0,0.0,-3.93999981880188,0.0,0.0,0.0,0.0,2.0,2.0,2.0,2.0
4.001295299999981,0.5,0.0,0.0,0.5,0.5187284350395203,0.5187284350395203,1.472210772695964,1.4808801412582397,-0.0,-4.0,1.0,-0.0,0.0,-0.0,1.0,-0.0,1.4788212454877794,0.0,1.4788212454877794,1.4788212454877794,0.46838831901550293,-0.0,0.0,-3.93999981880188,0.0,0.0,0.0,0.0,2.0,2.0,2.0,2.0
4.034664899999996,0.5,0.0,0.0,0.5,0.5068588256835938,0.5068588256835938,1.4891244489655024,1.4965012073516846,-0.0,-4.0,1.0,-0.0,0.0,-0.0,1.0,-0.0,1.4944423115812242,0.0,1.4944423115812242,1.4944423115812242,0.46863052248954773,-0.0,0.0,-3.93999981880188,0.0,0.0,0.0,0.0,2.0,2.0,2.0,2.0
4.0679708999999775,0.5,0.0,0.0,0.5,0.47618573904037476,0.47618573904037476,1.5049842911899725,1.5121300220489502,-0.0,-4.0,1.0,-0.0,0.0,-0.0,1.0,-0.0,1.5100711262784898,0.0,1.5100711262784898,1.5100711262784898,0.4688645899295807,-0.0,0.0,-3.93999981880188,0.0,0.0,0.0,0.0,2.0,2.0,2.0,2.0
4.101317800000004,0.5,0.0,0.0,0.5,0.4619801640510559,0.4619801640510559,1.5203898975225787,1.5277663469314575,-0.0,-4.0,1.0,-0.0,0.0,-0.0,1.0,-0.0,1.5257074511609972,0.0,1.5257074511609972,1.5257074511609972,0.4690907597541809,-0.0,0.0,-3.93999981880188,0.0,0.0,0.0,0.0,2.0,2.0,2.0,2.0
4.134653000000014,0.5,0.0,0.0,0.5,0.5117669105529785,0.5117669105529785,1.5374497498392496,1.543410062789917,-0.0,-4.0,1.0,-0.0,0.0,-0.0,1.0,-0.0,1.5413511670194566,0.0,1.5413511670194566,1.5413511670194566,0.46930932998657227,-0.0,0.0,-3.93999981880188,0.0,0.0,0.0,0.0,2.0,2.0,2.0,2.0
4.168108399999994,0.5,0.0,0.0,0.5,0.48105207085609436,0.48105207085609436,1.553543539290559,1.5590606927871704,-0.0,-4.0,1.0,-0.0,0.0,-0.0,1.0,-0.0,1.55700179701671,0.0,1.55700179701671,1.55700179701671,0.46952053904533386,-0.0,0.0,-3.93999981880188,0.0,0.0,0.0,0.0,2.0,2.0,2.0,2.0
4.201380799999981,0.5,0.0,0.0,0.5,0.4379878342151642,0.4379878342151642,1.568116445705694,1.5747182369232178,-0.0,-4.0,1.0,-0.0,0.0,-0.0,1.0,-0.0,1.5726593411527574,0.0,1.5726593411527574,1.5726593411527574,0.4697246551513672,-0.0,0.0,-3.93999981880188,0.0,0.0,0.0,0.0,2.0,2.0,2.0,2.0
4.234694499999989,0.5,0.0,0.0,0.5,0.4706774950027466,0.4706774950027466,1.5837964545709706,1.5903822183609009,-0.0,-4.0,1.0,-0.0,0.0,-0.0,1.0,-0.0,1.5883233225904405,0.0,1.5883233225904405,1.5883233225904405,0.46992188692092896,-0.0,0.0,-3.93999981880188,0.0,0.0,0.0,0.0,2.0,2.0,2.0,2.0
4.268036800000004,0.5,0.0,0.0,0.5,0.47919365763664246,0.47919365763664246,1.5997738732619962,1.6060526371002197,-0.0,-4.0,1.0,-0.0,0.0,-0.0,1.0,-0.0,1.6039937413297594,0.0,1.6039937413297594,1.6039937413297594,0.47011250257492065,-0.0,0.0,-3.93999981880188,0.0,0.0,0.0,0.0,2.0,2.0,2.0,2.0
4.301358100000016,0.5,0.0,0.0,0.5,0.4520006477832794,0.4520006477832794,1.6148351224469824,1.6217292547225952,-0.0,-4.0,1.0,-0.0,0.0,-0.0,1.0,-0.0,1.6196703589521348,0.0,1.6196703589521348,1.6196703589521348,0.470296710729599,-0.0,0.0,-3.93999981880188,0.0,0.0,0.0,0.0,2.0,2.0,2.0,2.0
4.334795400000019,0.5,0.0,0.0,0.5,0.45181772112846375,0.45181772112846375,1.6299426871336724,1.6374117136001587,-0.0,-4.0,1.0,-0.0,0.0,-0.0,1.0,-0.0,1.6353528178296983,0.0,1.6353528178296983,1.6353528178296983,0.4704746901988983,-0.0,0.0,-3.93999981880188,0.0,0.0,0.0,0.0,2.0,2.0,2.0,2.0
4.368135800000005,0.5,0.0,0.0,0.5,0.49276289343833923,0.49276289343833923,1.646371599106057,1.6531000137329102,-0.0,-4.0,1.0,-0.0,0.0,-0.0,1.0,-0.0,1.6510411179624498,0.0,1.6510411179624498,1.6510411179624498,0.4706467092037201,-0.0,0.0,-3.93999981880188,0.0,0.0,0.0,0.0,2.0,2.0,2.0,2.0
4.401518599999974,0.5,0.0,0.0,0.5,0.4852793216705322,0.4852793216705322,1.6625715816455053,1.6687936782836914,-0.0,-4.0,1.0,-0.0,0.0,-0.0,1.0,-0.0,1.666734782513231,0.0,1.666734782513231,1.666734782513231,0.47081294655799866,-0.0,0.0,-3.93999981880188,0.0,0.0,0.0,0.0,2.0,2.0,2.0,2.0
4.434826399999963,0.5,0.0,0.0,0.5,0.5004757046699524,0.5004757046699524,1.6792413263215056,1.684492826461792,-0.0,-4.0,1.0,-0.0,0.0,-0.0,1.0,-0.0,1.6824339306913316,0.0,1.6824339306913316,1.6824339306913316,0.47097358107566833,-0.0,0.0,-3.93999981880188,0.0,0.0,0.0,0.0,2.0,2.0,2.0,2.0
4.468203099999982,0.5,0.0,0.0,0.5,0.49057328701019287,0.49057328701019287,1.695615043750068,1.7001971006393433,-0.0,-4.0,1.0,-0.0,0.0,-0.0,1.0,-0.0,1.698138204868883,0.0,1.698138204868883,1.698138204868883,0.47112882137298584,-0.0,0.0,-3.93999981880188,0.0,0.0,0.0,0.0,2.0,2.0,2.0,2.0
4.501481500000011,0.5,0.0,0.0,0.5,0.42366987466812134,0.42366987466812134,1.709714099307236,1.7159065008163452,-0.0,-4.0,1.0,-0.0,0.0,-0.0,1.0,-0.0,1.7138476050458848,0.0,1.7138476050458848,1.7138476050458848,0.4712788462638855,-0.0,0.0,-3.93999981880188,0.0,0.0,0.0,0.0,2.0,2.0,2.0,2.0
4.535234099999968,0.5,0.0,0.0,0.5,0.5007548928260803,0.5007548928260803,1.726615878902816,1.7316205501556396,-0.0,-4.0,1.0,-0.0,0.0,-0.0,1.0,-0.0,1.7295616543851793,0.0,1.7295616543851793,1.7295616543851793,0.47142383456230164,-0.0,0.0,-3.93999981880188,0.0,0.0,0.0,0.0,2.0,2.0,2.0,2.0
4.568201399999964,0.5,0.0,0.0,0.5,0.43408486247062683,0.43408486247062683,1.7409264847893422,1.7473393678665161,-0.0,-4.0,1.0,-0.0,0.0,-0.0,1.0,-0.0,1.7452804720960557,0.0,1.7452804720960557,1.7452804720960557,0.4715639352798462,-0.0,0.0,-3.93999981880188,0.0,0.0,0.0,0.0,2.0,2.0,2.0,2.0
4.601573700000017,0.5,0.0,0.0,0.5,0.50392085313797,0.50392085313797,1.7577434826765452,1.7630627155303955,-0.0,-4.0,1.0,-0.0,0.0,-0.0,1.0,-0.0,1.7610038197599351,0.0,1.7610038197599351,1.7610038197599351,0.4716993272304535,-0.0,0.0,-3.93999981880188,0.0,0.0,0.0,0.0,2.0,2.0,2.0,2.0
4.635053599999992,0.5,0.0,0.0,0.5,0.5181611180305481,0.5181611180305481,1.775091465092083,1.7787903547286987,-0.0,-4.0,1.0,-0.0,0.0,-0.0,1.0,-0.0,1.7767314589582384,0.0,1.7767314589582384,1.7767314589582384,0.4718301594257355,-0.0,0.0,-3.93999981880188,0.0,0.0,0.0,0.0,2.0,2.0,2.0,2.0
4.668411800000001,0.5,0.0,0.0,0.5,0.44704344868659973,0.44704344868659973,1.7900040298620645,1.7945222854614258,-0.0,-4.0,1.0,-0.0,0.0,-0.0,1.0,-0.0,1.7924633896909654,0.0,1.7924633896909654,1.7924633896909654,0.47195661067962646,-0.0,0.0,-3.93999981880188,0.0,0.0,0.0,0.0,2.0,2.0,2.0,2.0
4.701614500000005,0.5,0.0,0.0,0.5,0.5107781291007996,0.5107781291007996,1.8069632428491615,1.810258150100708,-0.0,-4.0,1.0,-0.0,0.0,-0.0,1.0,-0.0,1.8081992543302476,0.0,1.8081992543302476,1.8081992543302476,0.472078800201416,-0.0,0.0,-3.93999981880188,0.0,0.0,0.0,0.0,2.0,2.0,2.0,2.0
4.734839700000009,0.5,0.0,0.0,0.5,0.3923049867153168,0.3923049867153168,1.8199976544937768,1.825998067855835,-0.0,-4.0,1.0,-0.0,0.0,-0.0,1.0,-0.0,1.8239391720853746,0.0,1.8239391720853746,1.8239391720853746,0.47219687700271606,-0.0,0.0,-3.93999981880188,0.0,0.0,0.0,0.0,2.0,2.0,2.0,2.0
4.768223299999988,0.5,0.0,0.0,0.5,0.4749815762042999,0.4749815762042999,1.8358542494411407,1.8417418003082275,-0.0,-4.0,1.0,-0.0,0.0,-0.0,1.0,-0.0,1.8396829045377672,0.0,1.8396829045377672,1.8396829045377672,0.47231099009513855,-0.0,0.0,-3.93999981880188,0.0,0.0,0.0,0.0,2.0,2.0,2.0,2.0
4.801502200000016,0.5,0.0,0.0,0.5,0.47185489535331726,0.47185489535331726,1.8515570613181271,1.8574892282485962,-0.0,-4.0,1.0,-0.0,0.0,-0.0,1.0,-0.0,1.8554303324781358,0.0,1.8554303324781358,1.8554303324781358,0.472421258687973,-0.0,0.0,-3.93999981880188,0.0,0.0,0.0,0.0,2.0,2.0,2.0,2.0
4.835003299999983,0.5,0.0,0.0,0.5,0.5304732322692871,0.5304732322692871,1.869328498119686,1.8732401132583618,-0.0,-4.0,1.0,-0.0,0.0,-0.0,1.0,-0.0,1.8711812174879014,0.0,1.8711812174879014,1.8711812174879014,0.4725278317928314,-0.0,0.0,-3.93999981880188,0.0,0.0,0.0,0.0,2.0,2.0,2.0,2.0
4.868385100000012,0.5,0.0,0.0,0.5,0.5105725526809692,0.5105725526809692,1.8863723289587866,1.8889944553375244,-0.0,-4.0,1.0,-0.0,0.0,-0.0,1.0,-0.0,1.886935559567064,0.0,1.886935559567064,1.886935559567064,0.4726308286190033,-0.0,0.0,-3.93999981880188,0.0,0.0,0.0,0.0,2.0,2.0,2.0,2.0
4.901744199999996,0.5,0.0,0.0,0.5,0.5296164155006409,0.5296164155006409,1.9040398559251057,1.9047521352767944,-0.0,-4.0,1.0,-0.0,0.0,-0.0,1.0,-0.0,1.902693239506334,0.0,1.902693239506334,1.902693239506334,0.4727303683757782,-0.0,0.0,-3.93999981880188,0.0,0.0,0.0,0.0,2.0,2.0,2.0,2.0
4.934928500000012,0.5,0.0,0.0,0.5,0.4947012662887573,0.4947012662887573,1.9204561711560197,1.9205130338668823,-0.0,-4.0,1.0,-0.0,0.0,-0.0,1.0,-0.0,1.918454138096422,0.0,1.918454138096422,1.918454138096422,0.4728265404701233,-0.0,0.0,-3.93999981880188,0.0,0.0,0.0,0.0,2.0,2.0,2.0,2.0
4.968255599999964,0.5,0.0,0.0,0.5,0.4430238604545593,0.4430238604545593,1.9352208716557533,1.9362770318984985,-0.0,-4.0,1.0,-0.0,0.0,-0.0,1.0,-0.0,1.9342181361280382,0.0,1.9342181361280382,1.9342181361280382,0.4729194939136505,-0.0,0.0,-3.93999981880188,0.0,0.0,0.0,0.0,2.0,2.0,2.0,2.0
5.0016100999999935,0.5,0.0,0.0,0.5,0.4466167986392975,0.4466167986392975,1.9501175516659812,1.9520440101623535,-0.0,-4.0,1.0,-0.0,0.0,-0.0,1.0,-0.0,1.9499851143918931,0.0,1.9499851143918931,1.9499851143918931,0.473009318113327,-0.0,0.0,-3.93999981880188,0.0,0.0,0.0,0.0,2.0,2.0,2.0,2.0
5.035109599999998,0.5,0.0,0.0,0.5,0.44909730553627014,0.44909730553627014,1.9651620868527957,1.9678138494491577,-0.0,-4.0,1.0,-0.0,0.0,-0.0,1.0,-0.0,1.9657549536786973,0.0,1.9657549536786973,1.9657549536786973,0.4730961322784424,-0.0,0.0,-3.93999981880188,0.0,0.0,0.0,0.0,2.0,2.0,2.0,2.0
5.068357699999979,0.5,0.0,0.0,0.5,0.4896848499774933,0.4896848499774933,1.9814431777133228,1.9835865497589111,-0.0,-4.0,1.0,-0.0,0.0,-0.0,1.0,-0.0,1.9815276539884508,0.0,1.9815276539884508,1.9815276539884508,0.47318002581596375,-0.0,0.0,-3.93999981880188,0.0,0.0,0.0,0.0,2.0,2.0,2.0,2.0
5.1017696000000115,0.5,0.0,0.0,0.5,0.4142114818096161,0.4142114818096161,1.9952827703224112,1.9993618726730347,-0.0,-4.0,1.0,-0.0,0.0,-0.0,1.0,-0.0,1.9973029769025743,0.0,1.9973029769025743,1.9973029769025743,0.4732610881328583,-0.0,0.0,-3.93999981880188,0.0,0.0,0.0,0.0,2.0,2.0,2.0,2.0
5.134998899999971,0.5,0.0,0.0,0.5,0.48131120204925537,0.48131120204925537,2.011276404648647,2.0151398181915283,-0.0,-4.0,1.0,-0.0,0.0,-0.0,1.0,-0.0,2.013080922421068,0.0,2.013080922421068,2.013080922421068,0.4733394384384155,-0.0,0.0,-3.93999981880188,0.0,0.0,0.0,0.0,2.0,2.0,2.0,2.0
5.1683501999999635,0.5,0.0,0.0,0.5,0.5115335583686829,0.5115335583686829,2.028336713813865,2.0309205055236816,-0.0,-4.0,1.0,-0.0,0.0,-0.0,1.0,-0.0,2.0288616097532213,0.0,2.0288616097532213,2.0288616097532213,0.47341516613960266,-0.0,0.0,-3.93999981880188,0.0,0.0,0.0,0.0,2.0,2.0,2.0,2.0
5.201613399999985,0.5,0.0,0.0,0.5,0.4178442656993866,0.4178442656993866,2.0422355511926855,2.046703338623047,-0.0,-4.0,1.0,-0.0,0.0,-0.0,1.0,-0.0,2.0446444428525865,0.0,2.0446444428525865,2.0446444428525865,0.47348833084106445,-0.0,0.0,-3.93999981880188,0.0,0.0,0.0,0.0,2.0,2.0,2.0,2.0
5.235053800000003,0.5,0.0,0.0,0.5,0.5451993346214294,0.5451993346214294,2.0604672350221698,2.062488555908203,-0.0,-4.0,1.0,-0.0,0.0,-0.0,1.0,-0.0,2.0604296601377428,0.0,2.0604296601377428,2.0604296601377428,0.47355902194976807,-0.0,0.0,-3.93999981880188,0.0,0.0,0.0,0.0,2.0,2.0,2.0,2.0
5.2683766000000105,0.5,0.0,0.0,0.5,0.47095802426338196,0.47095802426338196,2.0761608750730973,2.0782761573791504,-0.0,-4.0,1.0,-0.0,0.0,-0.0,1.0,-0.0,2.07621726160869,0.0,2.07621726160869,2.07621726160869,0.47362735867500305,-0.0,0.0,-3.93999981880188,0.0,0.0,0.0,0.0,2.0,2.0,2.0,2.0
5.301646500000004,0.5,0.0,0.0,0.5,0.46422553062438965,0.46422553062438965,2.0916056120544146,2.0940659046173096,-0.0,-4.0,1.0,-0.0,0.0,-0.0,1.0,-0.0,2.092007008846849,0.0,2.092007008846849,2.092007008846849,0.4736934006214142,-0.0,0.0,-3.93999981880188,0.0,0.0,0.0,0.0,2.0,2.0,2.0,2.0
5.334980400000006,0.5,0.0,0.0,0.5,0.44002020359039307,0.44002020359039307,2.1062732015188774,2.1098577976226807,-0.0,-4.0,1.0,-0.0,0.0,-0.0,1.0,-0.0,2.1077989018522203,0.0,2.1077989018522203,2.1077989018522203,0.47375723719596863,-0.0,0.0,-3.93999981880188,0.0,0.0,0.0,0.0,2.0,2.0,2.0,2.0
5.368342699999971,0.5,0.0,0.0,0.5,0.5191229581832886,0.5191229581832886,2.1235923373866576,2.1256518363952637,-0.0,-4.0,1.0,-0.0,0.0,-0.0,1.0,-0.0,2.1235929406248033,0.0,2.1235929406248033,2.1235929406248033,0.47381892800331116,-0.0,0.0,-3.93999981880188,0.0,0.0,0.0,0.0,2.0,2.0,2.0,2.0
5.40171939999999,0.5,0.0,0.0,0.5,0.4750925600528717,0.4750925600528717,2.1394493592357837,2.1414477825164795,-0.0,-4.0,1.0,-0.0,0.0,-0.0,1.0,-0.0,2.139388886746019,0.0,2.139388886746019,2.139388886746019,0.47387853264808655,-0.0,0.0,-3.93999981880188,0.0,0.0,0.0,0.0,2.0,2.0,2.0,2.0
5.435071300000004,0.5,0.0,0.0,0.5,0.46013757586479187,0.46013757586479187,2.154795821652275,2.157245635986328,-0.0,-4.0,1.0,-0.0,0.0,-0.0,1.0,-0.0,2.1551867402158678,0.0,2.1551867402158678,2.1551867402158678,0.4739361107349396,-0.0,0.0,-3.93999981880188,0.0,0.0,0.0,0.0,2.0,2.0,2.0,2.0
5.468379499999969,0.5,0.0,0.0,0.5,0.4393290877342224,0.4393290877342224,2.1694290827723286,2.1730453968048096,-0.0,-4.0,1.0,-0.0,0.0,-0.0,1.0,-0.0,2.170986501034349,0.0,2.170986501034349,2.170986501034349,0.4739917814731598,-0.0,0.0,-3.93999981880188,0.0,0.0,0.0,0.0,2.0,2.0,2.0,2.0
5.501672199999973,0.5,0.0,0.0,0.5,0.45370718836784363,0.45370718836784363,2.1845342200825044,2.1888468265533447,-0.0,-4.0,1.0,-0.0,0.0,-0.0,1.0,-0.0,2.1867879307828844,0.0,2.1867879307828844,2.1867879307828844,0.4740455746650696,-0.0,0.0,-3.93999981880188,0.0,0.0,0.0,0.0,2.0,2.0,2.0,2.0
5.535013899999967,0.5,0.0,0.0,0.5,0.49779537320137024,0.49779537320137024,2.2011315640771696,2.2046501636505127,-0.0,-4.0,1.0,-0.0,0.0,-0.0,1.0,-0.0,2.2025912678800523,0.0,2.2025912678800523,2.2025912678800523,0.4740975797176361,-0.0,0.0,-3.93999981880188,0.0,0.0,0.0,0.0,2.0,2.0,2.0,2.0
5.568341700000019,0.5,0.0,0.0,0.5,0.500466525554657,0.500466525554657,2.217811012347576,2.2204551696777344,-0.0,-4.0,1.0,-0.0,0.0,-0.0,1.0,-0.0,2.218396273907274,0.0,2.218396273907274,2.218396273907274,0.47414782643318176,-0.0,0.0,-3.93999981880188,0.0,0.0,0.0,0.0,2.0,2.0,2.0,2.0
5.601693899999987,0.5,0.0,0.0,0.5,0.4384413957595825,0.4384413957595825,2.2324339974672145,2.2362616062164307,-0.0,-4.0,1.0,-0.0,0.0,-0.0,1.0,-0.0,2.2342027104459703,0.0,2.2342027104459703,2.2342027104459703,0.4741963744163513,-0.0,0.0,-3.93999981880188,0.0,0.0,0.0,0.0,2.0,2.0,2.0,2.0
5.6350150999999755,0.5,0.0,0.0,0.5,0.5214635729789734,0.5214635729789734,2.249809789475156,2.2520697116851807,-0.0,-4.0,1.0,-0.0,0.0,-0.0,1.0,-0.0,2.2500108159147203,0.0,2.2500108159147203,2.2500108159147203,0.47424331307411194,-0.0,0.0,-3.93999981880188,0.0,0.0,0.0,0.0,2.0,2.0,2.0,2.0
5.668414199999972,0.5,0.0,0.0,0.5,0.46692511439323425,0.46692511439323425,2.2654046680632853,2.2678794860839844,-0.0,-4.0,1.0,-0.0,0.0,-0.0,1.0,-0.0,2.265820590313524,0.0,2.265820590313524,2.265820590313524,0.4742886424064636,-0.0,0.0,-3.93999981880188,0.0,0.0,0.0,0.0,2.0,2.0,2.0,2.0
5.701842199999987,0.5,0.0,0.0,0.5,0.4861636161804199,0.4861636161804199,2.2816561454249715,2.2836904525756836,-0.0,-4.0,1.0,-0.0,0.0,-0.0,1.0,-0.0,2.2816315568052232,0.0,2.2816315568052232,2.2816315568052232,0.4743324816226959,-0.0,0.0,-3.93999981880188,0.0,0.0,0.0,0.0,2.0,2.0,2.0,2.0
5.7352268999999865,0.5,0.0,0.0,0.5,0.4640282094478607,0.4640282094478607,2.297147587988925,2.2995030879974365,-0.0,-4.0,1.0,-0.0,0.0,-0.0,1.0,-0.0,2.297444192226976,0.0,2.297444192226976,2.297444192226976,0.47437483072280884,-0.0,0.0,-3.93999981880188,0.0,0.0,0.0,0.0,2.0,2.0,2.0,2.0
5.768459699999994,0.5,0.0,0.0,0.5,0.463795006275177,0.463795006275177,2.31256079467347,2.315316915512085,-0.0,-4.0,1.0,-0.0,0.0,-0.0,1.0,-0.0,2.3132580197416246,0.0,2.3132580197416246,2.3132580197416246,0.47441574931144714,-0.0,0.0,-3.93999981880188,0.0,0.0,0.0,0.0,2.0,2.0,2.0,2.0
5.801776700000005,0.5,0.0,0.0,0.5,0.45161932706832886,0.45161932706832886,2.3276073957934105,2.331131935119629,-0.0,-4.0,1.0,-0.0,0.0,-0.0,1.0,-0.0,2.3290730393491685,0.0,2.3290730393491685,2.3290730393491685,0.474455326795578,-0.0,0.0,-3.93999981880188,0.0,0.0,0.0,0.0,2.0,2.0,2.0,2.0
5.835111299999994,0.5,0.0,0.0,0.5,0.49194177985191345,0.49194177985191345,2.3440060782480567,2.3469483852386475,-0.0,-4.0,1.0,-0.0,0.0,-0.0,1.0,-0.0,2.344889489468187,0.0,2.344889489468187,2.344889489468187,0.47449353337287903,-0.0,0.0,-3.93999981880188,0.0,0.0,0.0,0.0,2.0,2.0,2.0,2.0
5.86860519999999,0.5,0.0,0.0,0.5,0.41744694113731384,0.41744694113731384,2.3579880043498145,2.3627662658691406,-0.0,-4.0,1.0,-0.0,0.0,-0.0,1.0,-0.0,2.3607073700986803,0.0,2.3607073700986803,2.3607073700986803,0.47453048825263977,-0.0,0.0,-3.93999981880188,0.0,0.0,0.0,0.0,2.0,2.0,2.0,2.0
5.901946500000008,0.5,0.0,0.0,0.5,0.4851744771003723,0.4851744771003723,2.3741643521431697,2.37858510017395,-0.0,-4.0,1.0,-0.0,0.0,-0.0,1.0,-0.0,2.37652620440349,0.0,2.37652620440349,2.37652620440349,0.47456619143486023,-0.0,0.0,-3.93999981880188,0.0,0.0,0.0,0.0,2.0,2.0,2.0,2.0
5.935203300000012,0.5,0.0,0.0,0.5,0.5902084112167358,0.5902084112167358,2.3937927952333244,2.3944051265716553,-0.0,-4.0,1.0,-0.0,0.0,-0.0,1.0,-0.0,2.392346230801195,0.0,2.392346230801195,2.392346230801195,0.4746007025241852,-0.0,0.0,-3.93999981880188,0.0,0.0,0.0,0.0,2.0,2.0,2.0,2.0
5.96857319999998,0.5,0.0,0.0,0.5,0.4962102770805359,0.4962102770805359,2.4103512825584583,2.4102261066436768,-0.0,-4.0,1.0,-0.0,0.0,-0.0,1.0,-0.0,2.4081672108732164,0.0,2.4081672108732164,2.4081672108732164,0.4746340215206146,-0.0,0.0,-3.93999981880188,0.0,0.0,0.0,0.0,2.0,2.0,2.0,2.0
6.002014599999995,0.5,0.0,0.0,0.5,0.49799659848213196,0.49799659848213196,2.427004986006946,2.426048517227173,-0.0,-4.0,1.0,-0.0,0.0,-0.0,1.0,-0.0,2.4239896214567125,0.0,2.4239896214567125,2.4239896214567125,0.4746662676334381,-0.0,0.0,-3.93999981880188,0.0,0.0,0.0,0.0,2.0,2.0,2.0,2.0
6.035237199999983,0.5,0.0,0.0,0.5,0.49144572019577026,0.49144572019577026,2.443332090590716,2.4418716430664062,-0.0,-4.0,1.0,-0.0,0.0,-0.0,1.0,-0.0,2.439812747295946,0.0,2.439812747295946,2.439812747295946,0.47469741106033325,-0.0,0.0,-3.93999981880188,0.0,0.0,0.0,0.0,2.0,2.0,2.0,2.0
6.068578000000002,0.5,0.0,0.0,0.5,0.5199620723724365,0.5199620723724365,2.460668042053281,2.457695960998535,-0.0,-4.0,1.0,-0.0,0.0,-0.0,1.0,-0.0,2.455637065228075,0.0,2.455637065228075,2.455637065228075,0.47472748160362244,-0.0,0.0,-3.93999981880188,0.0,0.0,0.0,0.0,2.0,2.0,2.0,2.0
6.101955700000019,0.5,0.0,0.0,0.5,0.44867926836013794,0.44867926836013794,2.475643924068833,2.4735212326049805,-0.0,-4.0,1.0,-0.0,0.0,-0.0,1.0,-0.0,2.47146233683452,0.0,2.47146233683452,2.47146233683452,0.4747565686702728,-0.0,0.0,-3.93999981880188,0.0,0.0,0.0,0.0,2.0,2.0,2.0,2.0
6.13523349999997,0.5,0.0,0.0,0.5,0.48562750220298767,0.48562750220298767,2.4918045389616195,2.489347219467163,-0.0,-4.0,1.0,-0.0,0.0,-0.0,1.0,-0.0,2.4872883236967027,0.0,2.4872883236967027,2.4872883236967027,0.4747846722602844,-0.0,0.0,-3.93999981880188,0.0,0.0,0.0,0.0,2.0,2.0,2.0,2.0
6.168615499999987,0.5,0.0,0.0,0.5,0.42741650342941284,0.42741650342941284,2.5060725566791073,2.505174398422241,-0.0,-4.0,1.0,-0.0,0.0,-0.0,1.0,-0.0,2.503115502651781,0.0,2.503115502651781,2.503115502651781,0.474811851978302,-0.0,0.0,-3.93999981880188,0.0,0.0,0.0,0.0,2.0,2.0,2.0,2.0
6.201946599999985,0.5,0.0,0.0,0.5,0.46846067905426025,0.46846067905426025,2.5216868664187317,2.5210022926330566,-0.0,-4.0,1.0,-0.0,0.0,-0.0,1.0,-0.0,2.5189433968625963,0.0,2.5189433968625963,2.5189433968625963,0.47483810782432556,-0.0,0.0,-3.93999981880188,0.0,0.0,0.0,0.0,2.0,2.0,2.0,2.0
6.235297300000013,0.5,0.0,0.0,0.5,0.5116071105003357,0.5116071105003357,2.53874932167891,2.5368311405181885,-0.0,-4.0,1.0,-0.0,0.0,-0.0,1.0,-0.0,2.534772244747728,0.0,2.534772244747728,2.534772244747728,0.4748634696006775,-0.0,0.0,-3.93999981880188,0.0,0.0,0.0,0.0,2.0,2.0,2.0,2.0
6.268544299999974,0.5,0.0,0.0,0.5,0.45649680495262146,0.45649680495262146,2.5539264709531517,2.5526607036590576,-0.0,-4.0,1.0,-0.0,0.0,-0.0,1.0,-0.0,2.5506018078885972,0.0,2.5506018078885972,2.5506018078885972,0.47488799691200256,-0.0,0.0,-3.93999981880188,0.0,0.0,0.0,0.0,2.0,2.0,2.0,2.0
6.301892699999996,0.5,0.0,0.0,0.5,0.5187568664550781,0.5187568664550781,2.571226182438454,2.568490982055664,-0.0,-4.0,1.0,-0.0,0.0,-0.0,1.0,-0.0,2.5664320862852037,0.0,2.5664320862852037,2.5664320862852037,0.4749116897583008,-0.0,0.0,-3.93999981880188,0.0,0.0,0.0,0.0,2.0,2.0,2.0,2.0
6.335221300000001,0.5,0.0,0.0,0.5,0.48185431957244873,0.48185431957244873,2.5872857123137583,2.584322214126587,-0.0,-4.0,1.0,-0.0,0.0,-0.0,1.0,-0.0,2.5822633183561265,0.0,2.5822633183561265,2.5822633183561265,0.47493457794189453,-0.0,0.0,-3.93999981880188,0.0,0.0,0.0,0.0,2.0,2.0,2.0,2.0
6.36860089999999,0.5,0.0,0.0,0.5,0.4831579923629761,0.4831579923629761,2.603413332835632,2.600154161453247,-0.0,-4.0,1.0,-0.0,0.0,-0.0,1.0,-0.0,2.5980952656827867,0.0,2.5980952656827867,2.5980952656827867,0.4749567210674286,-0.0,0.0,-3.93999981880188,0.0,0.0,0.0,0.0,2.0,2.0,2.0,2.0
6.401937599999997,0.5,0.0,0.0,0.5,0.4590223431587219,0.4590223431587219,2.6187156229828146,2.6159865856170654,-0.0,-4.0,1.0,-0.0,0.0,-0.0,1.0,-0.0,2.613927689846605,0.0,2.613927689846605,2.613927689846605,0.47497808933258057,-0.0,0.0,-3.93999981880188,0.0,0.0,0.0,0.0,2.0,2.0,2.0,2.0
6.4352554999999825,0.5,0.0,0.0,0.5,0.45087987184524536,0.45087987184524536,2.633737993464961,2.6318199634552,-0.0,-4.0,1.0,-0.0,0.0,-0.0,1.0,-0.0,2.62976106768474,0.0,2.62976106768474,2.62976106768474,0.4749987721443176,-0.0,0.0,-3.93999981880188,0.0,0.0,0.0,0.0,2.0,2.0,2.0,2.0
6.468721799999969,0.5,0.0,0.0,0.5,0.5055176615715027,0.5055176615715027,2.6506557991824047,2.6476540565490723,-0.0,-4.0,1.0,-0.0,0.0,-0.0,1.0,-0.0,2.645595160778612,0.0,2.645595160778612,2.645595160778612,0.4750187397003174,-0.0,0.0,-3.93999981880188,0.0,0.0,0.0,0.0,2.0,2.0,2.0,2.0
6.501934399999982,0.5,0.0,0.0,0.5,0.4679930806159973,0.4679930806159973,2.6661990661716777,2.6634886264801025,-0.0,-4.0,1.0,-0.0,0.0,-0.0,1.0,-0.0,2.661429730709642,0.0,2.661429730709642,2.661429730709642,0.4750380516052246,-0.0,0.0,-3.93999981880188,0.0,0.0,0.0,0.0,2.0,2.0,2.0,2.0
6.535293299999978,0.5,0.0,0.0,0.5,0.5566348433494568,0.5566348433494568,2.6847677922474857,2.679323673248291,-0.0,-4.0,1.0,-0.0,0.0,-0.0,1.0,-0.0,2.6772647774778306,0.0,2.6772647774778306,2.6772647774778306,0.4750566780567169,-0.0,0.0,-3.93999981880188,0.0,0.0,0.0,0.0,2.0,2.0,2.0,2.0
6.5687077000000045,0.5,0.0,0.0,0.5,0.46536245942115784,0.46536245942115784,2.7003175996115805,2.695159673690796,-0.0,-4.0,1.0,-0.0,0.0,-0.0,1.0,-0.0,2.6931007779203355,0.0,2.6931007779203355,2.6931007779203355,0.4750747084617615,-0.0,0.0,-3.93999981880188,0.0,0.0,0.0,0.0,2.0,2.0,2.0,2.0
6.601925899999969,0.5,0.0,0.0,0.5,0.4725656509399414,0.4725656509399414,2.716015379917617,2.71099591255188,-0.0,-4.0,1.0,-0.0,0.0,-0.0,1.0,-0.0,2.7089370167814195,0.0,2.7089370167814195,2.7089370167814195,0.4750921428203583,-0.0,0.0,-3.93999981880188,0.0,0.0,0.0,0.0,2.0,2.0,2.0,2.0
6.63533480000001,0.5,0.0,0.0,0.5,0.5136110186576843,0.5136110186576843,2.7331745590788703,2.726832866668701,-0.0,-4.0,1.0,-0.0,0.0,-0.0,1.0,-0.0,2.724773970898241,0.0,2.724773970898241,2.724773970898241,0.4751089811325073,-0.0,0.0,-3.93999981880188,0.0,0.0,0.0,0.0,2.0,2.0,2.0,2.0
6.66868629999999,0.5,0.0,0.0,0.5,0.5084760189056396,0.5084760189056396,2.750132997023392,2.7426705360412598,-0.0,-4.0,1.0,-0.0,0.0,-0.0,1.0,-0.0,2.7406116402707994,0.0,2.7406116402707994,2.7406116402707994,0.475125253200531,-0.0,0.0,-3.93999981880188,0.0,0.0,0.0,0.0,2.0,2.0,2.0,2.0
6.702071799999999,0.5,0.0,0.0,0.5,0.5158179402351379,0.5158179402351379,2.767353836867117,2.7585084438323975,-0.0,-4.0,1.0,-0.0,0.0,-0.0,1.0,-0.0,2.756449548061937,0.0,2.756449548061937,2.756449548061937,0.4751409888267517,-0.0,0.0,-3.93999981880188,0.0,0.0,0.0,0.0,2.0,2.0,2.0,2.0
6.735551100000009,0.5,0.0,0.0,0.5,0.5251659154891968,0.5251659154891968,2.78493602410156,2.7743470668792725,-0.0,-4.0,1.0,-0.0,0.0,-0.0,1.0,-0.0,2.772288171108812,0.0,2.772288171108812,2.772288171108812,0.47515618801116943,-0.0,0.0,-3.93999981880188,0.0,0.0,0.0,0.0,2.0,2.0,2.0,2.0
6.768780800000002,0.5,0.0,0.0,0.5,0.510563850402832,0.510563850402832,2.801901907681287,2.7901861667633057,-0.0,-4.0,1.0,-0.0,0.0,-0.0,1.0,-0.0,2.7881272709928453,0.0,2.7881272709928453,2.7881272709928453,0.4751708507537842,-0.0,0.0,-3.93999981880188,0.0,0.0,0.0,0.0,2.0,2.0,2.0,2.0
6.802081999999984,0.5,0.0,0.0,0.5,0.47928938269615173,0.47928938269615173,2.8178628192723196,2.806025505065918,-0.0,-4.0,1.0,-0.0,0.0,-0.0,1.0,-0.0,2.8039666092954576,0.0,2.8039666092954576,2.8039666092954576,0.4751850664615631,-0.0,0.0,-3.93999981880188,0.0,0.0,0.0,0.0,2.0,2.0,2.0,2.0
6.835425900000018,0.5,0.0,0.0,0.5,0.4373193383216858,0.4373193383216858,2.8324447515573987,2.8218655586242676,-0.0,-4.0,1.0,-0.0,0.0,-0.0,1.0,-0.0,2.819806662853807,0.0,2.819806662853807,2.819806662853807,0.47519877552986145,-0.0,0.0,-3.93999981880188,0.0,0.0,0.0,0.0,2.0,2.0,2.0,2.0
6.868755700000008,0.5,0.0,0.0,0.5,0.4635453522205353,0.4635453522205353,2.847894625437834,2.8377058506011963,-0.0,-4.0,1.0,-0.0,0.0,-0.0,1.0,-0.0,2.835646954830736,0.0,2.835646954830736,2.835646954830736,0.475212037563324,-0.0,0.0,-3.93999981880188,0.0,0.0,0.0,0.0,2.0,2.0,2.0,2.0
6.902125099999978,0.5,0.0,0.0,0.5,0.4573735296726227,0.4573735296726227,2.8631569056988777,2.8535468578338623,-0.0,-4.0,1.0,-0.0,0.0,-0.0,1.0,-0.0,2.851487962063402,0.0,2.851487962063402,2.851487962063402,0.4752248525619507,-0.0,0.0,-3.93999981880188,0.0,0.0,0.0,0.0,2.0,2.0,2.0,2.0
6.935512399999993,0.5,0.0,0.0,0.5,0.43291908502578735,0.43291908502578735,2.8776109050663656,2.8693881034851074,-0.0,-4.0,1.0,-0.0,0.0,-0.0,1.0,-0.0,2.867329207714647,0.0,2.867329207714647,2.867329207714647,0.4752372205257416,-0.0,0.0,-3.93999981880188,0.0,0.0,0.0,0.0,2.0,2.0,2.0,2.0
6.968791899999985,0.5,0.0,0.0,0.5,0.37264934182167053,0.37264934182167053,2.8900124888375167,2.8852295875549316,-0.0,-4.0,1.0,-0.0,0.0,-0.0,1.0,-0.0,2.8831706917844713,0.0,2.8831706917844713,2.8831706917844713,0.47524920105934143,-0.0,0.0,-3.93999981880188,0.0,0.0,0.0,0.0,2.0,2.0,2.0,2.0
7.002099499999986,0.5,0.0,0.0,0.5,0.5123858451843262,0.5123858451843262,2.9070788316145784,2.901071786880493,-0.0,-4.0,1.0,-0.0,0.0,-0.0,1.0,-0.0,2.899012891110033,0.0,2.899012891110033,2.899012891110033,0.47526076436042786,-0.0,0.0,-3.93999981880188,0.0,0.0,0.0,0.0,2.0,2.0,2.0,2.0
7.035431000000017,0.5,0.0,0.0,0.5,0.46595850586891174,0.46595850586891174,2.9226099275529624,2.9169139862060547,-0.0,-4.0,1.0,-0.0,0.0,-0.0,1.0,-0.0,2.9148550904355943,0.0,2.9148550904355943,2.9148550904355943,0.47527194023132324,-0.0,0.0,-3.93999981880188,0.0,0.0,0.0,0.0,2.0,2.0,2.0,2.0
7.068811100000005,0.5,0.0,0.0,0.5,0.4962852895259857,0.4962852895259857,2.939175980145863,2.9327569007873535,-0.0,-4.0,1.0,-0.0,0.0,-0.0,1.0,-0.0,2.930698005016893,0.0,2.930698005016893,2.930698005016893,0.4752827286720276,-0.0,0.0,-3.93999981880188,0.0,0.0,0.0,0.0,2.0,2.0,2.0,2.0
7.102159999999969,0.5,0.0,0.0,0.5,0.5078209042549133,0.5078209042549133,2.9561112486997514,2.9486000537872314,-0.0,-4.0,1.0,-0.0,0.0,-0.0,1.0,-0.0,2.946541158016771,0.0,2.946541158016771,2.946541158016771,0.4752931594848633,-0.0,0.0,-3.93999981880188,0.0,0.0,0.0,0.0,2.0,2.0,2.0,2.0
7.13550349999997,0.5,0.0,0.0,0.5,0.41029393672943115,0.41029393672943115,2.9697918845790894,2.9644434452056885,-0.0,-4.0,1.0,-0.0,0.0,-0.0,1.0,-0.0,2.962384549435228,0.0,2.962384549435228,2.962384549435228,0.4753032624721527,-0.0,0.0,-3.93999981880188,0.0,0.0,0.0,0.0,2.0,2.0,2.0,2.0
7.168832000000009,0.5,0.0,0.0,0.5,0.5103625059127808,0.5103625059127808,2.9868015013574234,2.9802870750427246,-0.0,-4.0,1.0,-0.0,0.0,-0.0,1.0,-0.0,2.9782281792722642,0.0,2.9782281792722642,2.9782281792722642,0.4753130078315735,-0.0,0.0,-3.93999981880188,0.0,0.0,0.0,0.0,2.0,2.0,2.0,2.0
7.202258499999971,0.5,0.0,0.0,0.5,0.5049503445625305,0.5049503445625305,3.0036802240499236,2.996131181716919,-0.0,-4.0,1.0,-0.0,0.0,-0.0,1.0,-0.0,2.9940722859464586,0.0,2.9940722859464586,2.9940722859464586,0.475322425365448,-0.0,0.0,-3.93999981880188,0.0,0.0,0.0,0.0,2.0,2.0,2.0,2.0
7.235534900000005,0.5,0.0,0.0,0.5,0.48866793513298035,0.48866793513298035,3.0199413337265995,3.0119755268096924,-0.0,-4.0,1.0,-0.0,0.0,-0.0,1.0,-0.0,3.009916631039232,0.0,3.009916631039232,3.009916631039232,0.47533151507377625,-0.0,0.0,-3.93999981880188,0.0,0.0,0.0,0.0,2.0,2.0,2.0,2.0
7.268841599999973,0.5,0.0,0.0,0.5,0.5207631587982178,0.5207631587982178,3.037286236027728,3.027820348739624,-0.0,-4.0,1.0,-0.0,0.0,-0.0,1.0,-0.0,3.0257614529691637,0.0,3.0257614529691637,3.0257614529691637,0.4753403067588806,-0.0,0.0,-3.93999981880188,0.0,0.0,0.0,0.0,2.0,2.0,2.0,2.0
7.302211899999975,0.5,0.0,0.0,0.5,0.5063046216964722,0.5063046216964722,3.0541817731451264,3.0436651706695557,-0.0,-4.0,1.0,-0.0,0.0,-0.0,1.0,-0.0,3.0416062748990953,0.0,3.0416062748990953,3.0416062748990953,0.4753488302230835,-0.0,0.0,-3.93999981880188,0.0,0.0,0.0,0.0,2.0,2.0,2.0,2.0
7.335526099999981,0.5,0.0,0.0,0.5,0.4649480879306793,0.4649480879306793,3.0696711467360696,3.0595104694366455,-0.0,-4.0,1.0,-0.0,0.0,-0.0,1.0,-0.0,3.057451573666185,0.0,3.057451573666185,3.057451573666185,0.4753570556640625,-0.0,0.0,-3.93999981880188,0.0,0.0,0.0,0.0,2.0,2.0,2.0,2.0
7.368933200000015,0.5,0.0,0.0,0.5,0.5482603907585144,0.5482603907585144,3.087986936436197,3.0753560066223145,-0.0,-4.0,1.0,-0.0,0.0,-0.0,1.0,-0.0,3.073297110851854,0.0,3.073297110851854,3.073297110851854,0.4753649830818176,-0.0,0.0,-3.93999981880188,0.0,0.0,0.0,0.0,2.0,2.0,2.0,2.0
7.402293399999962,0.5,0.0,0.0,0.5,0.4902960956096649,0.4902960956096649,3.1043433122449287,3.0912017822265625,-0.0,-4.0,1.0,-0.0,0.0,-0.0,1.0,-0.0,3.089142886456102,0.0,3.089142886456102,3.089142886456102,0.47537267208099365,-0.0,0.0,-3.93999981880188,0.0,0.0,0.0,0.0,2.0,2.0,2.0,2.0
7.435607699999991,0.5,0.0,0.0,0.5,0.44218361377716064,0.44218361377716064,3.119074349809398,3.1070477962493896,-0.0,-4.0,1.0,-0.0,0.0,-0.0,1.0,-0.0,3.1049889004789293,0.0,3.1049889004789293,3.1049889004789293,0.4753800630569458,-0.0,0.0,-3.93999981880188,0.0,0.0,0.0,0.0,2.0,2.0,2.0,2.0
7.468941299999983,0.5,0.0,0.0,0.5,0.4761139750480652,0.4761139750480652,3.134944942608056,3.122894048690796,-0.0,-4.0,1.0,-0.0,0.0,-0.0,1.0,-0.0,3.1208351529203355,0.0,3.1208351529203355,3.1208351529203355,0.47538724541664124,-0.0,0.0,-3.93999981880188,0.0,0.0,0.0,0.0,2.0,2.0,2.0,2.0
7.502295199999992,0.5,0.0,0.0,0.5,0.47294580936431885,0.47294580936431885,3.1507195298390167,3.1387405395507812,-0.0,-4.0,1.0,-0.0,0.0,-0.0,1.0,-0.0,3.136681643780321,0.0,3.136681643780321,3.136681643780321,0.4753941595554352,-0.0,0.0,-3.93999981880188,0.0,0.0,0.0,0.0,2.0,2.0,2.0,2.0
7.535628799999984,0.5,0.0,0.0,0.5,0.4495795667171478,0.4495795667171478,3.1657056352841355,3.1545872688293457,-0.0,-4.0,1.0,-0.0,0.0,-0.0,1.0,-0.0,3.1525283730588853,0.0,3.1525283730588853,3.1525283730588853,0.4754008650779724,-0.0,0.0,-3.93999981880188,0.0,0.0,0.0,0.0,2.0,2.0,2.0,2.0
7.568991299999993,0.5,0.0,0.0,0.5,0.5066635608673096,0.5066635608673096,3.182609198333576,3.17043399810791,-0.0,-4.0,1.0,-0.0,0.0,-0.0,1.0,-0.0,3.16837510233745,0.0,3.16837510233745,3.16837510233745,0.47540733218193054,-0.0,0.0,-3.93999981880188,0.0,0.0,0.0,0.0,2.0,2.0,2.0,2.0
7.6022694000000115,0.5,0.0,0.0,0.5,0.44283047318458557,0.44283047318458557,3.1973457551032682,3.186281204223633,-0.0,-4.0,1.0,-0.0,0.0,-0.0,1.0,-0.0,3.1842223084531724,0.0,3.1842223084531724,3.1842223084531724,0.47541359066963196,-0.0,0.0,-3.93999981880188,0.0,0.0,0.0,0.0,2.0,2.0,2.0,2.0
7.635770499999978,0.5,0.0,0.0,0.5,0.5262437462806702,0.5262437462806702,3.214975499471774,3.2021284103393555,-0.0,-4.0,1.0,-0.0,0.0,-0.0,1.0,-0.0,3.200069514568895,0.0,3.200069514568895,3.200069514568895,0.47541964054107666,-0.0,0.0,-3.93999981880188,0.0,0.0,0.0,0.0,2.0,2.0,2.0,2.0
7.668965200000002,0.5,0.0,0.0,0.5,0.5104672312736511,0.5104672312736511,3.231920306073746,3.2179760932922363,-0.0,-4.0,1.0,-0.0,0.0,-0.0,1.0,-0.0,3.215917197521776,0.0,3.215917197521776,3.215917197521776,0.47542548179626465,-0.0,0.0,-3.93999981880188,0.0,0.0,0.0,0.0,2.0,2.0,2.0,2.0
7.702310299999965,0.5,0.0,0.0,0.5,0.4687442183494568,0.4687442183494568,3.247550628909013,3.233823776245117,-0.0,-4.0,1.0,-0.0,0.0,-0.0,1.0,-0.0,3.231764880474657,0.0,3.231764880474657,3.231764880474657,0.4754311144351959,-0.0,0.0,-3.93999981880188,0.0,0.0,0.0,0.0,2.0,2.0,2.0,2.0
7.735604499999965,0.5,0.0,0.0,0.5,0.5128232836723328,0.5128232836723328,3.264624669880256,3.249671697616577,-0.0,-4.0,1.0,-0.0,0.0,-0.0,1.0,-0.0,3.247612801846117,0.0,3.247612801846117,3.247612801846117,0.47543656826019287,-0.0,0.0,-3.93999981880188,0.0,0.0,0.0,0.0,2.0,2.0,2.0,2.0
7.769061499999964,0.5,0.0,0.0,0.5,0.5099325180053711,0.5099325180053711,3.281685482135161,3.265519618988037,-0.0,-4.0,1.0,-0.0,0.0,-0.0,1.0,-0.0,3.2634607232175767,0.0,3.2634607232175767,3.2634607232175767,0.4754418432712555,-0.0,0.0,-3.93999981880188,0.0,0.0,0.0,0.0,2.0,2.0,2.0,2.0
7.802377400000012,0.5,0.0,0.0,0.5,0.5293835401535034,0.5293835401535034,3.2993223712205864,3.2813680171966553,-0.0,-4.0,1.0,-0.0,0.0,-0.0,1.0,-0.0,3.279309121426195,0.0,3.279309121426195,3.279309121426195,0.4754469394683838,-0.0,0.0,-3.93999981880188,0.0,0.0,0.0,0.0,2.0,2.0,2.0,2.0
7.835752099999979,0.5,0.0,0.0,0.5,0.47022563219070435,0.47022563219070435,3.315016010627246,3.2972164154052734,-0.0,-4.0,1.0,-0.0,0.0,-0.0,1.0,-0.0,3.295157519634813,0.0,3.295157519634813,3.295157519634813,0.47545185685157776,-0.0,0.0,-3.93999981880188,0.0,0.0,0.0,0.0,2.0,2.0,2.0,2.0
7.869022099999995,0.5,0.0,0.0,0.5,0.46282362937927246,0.46282362937927246,3.3304141527767017,3.3130648136138916,-0.0,-4.0,1.0,-0.0,0.0,-0.0,1.0,-0.0,3.3110059178434312,0.0,3.3110059178434312,3.3110059178434312,0.4754566252231598,-0.0,0.0,-3.93999981880188,0.0,0.0,0.0,0.0,2.0,2.0,2.0,2.0
7.90238979999998,0.5,0.0,0.0,0.5,0.4772231876850128,0.4772231876850128,3.346337992936412,3.328913688659668,-0.0,-4.0,1.0,-0.0,0.0,-0.0,1.0,-0.0,3.3268547928892076,0.0,3.3268547928892076,3.3268547928892076,0.4754612147808075,-0.0,0.0,-3.93999981880188,0.0,0.0,0.0,0.0,2.0,2.0,2.0,2.0
7.935708099999999,0.5,0.0,0.0,0.5,0.5158805251121521,0.5158805251121521,3.363526255036266,3.3447623252868652,-0.0,-4.0,1.0,-0.0,0.0,-0.0,1.0,-0.0,3.342703429516405,0.0,3.342703429516405,3.342703429516405,0.47546565532684326,-0.0,0.0,-3.93999981880188,0.0,0.0,0.0,0.0,2.0,2.0,2.0,2.0
7.969048999999984,0.5,0.0,0.0,0.5,0.45583587884902954,0.45583587884902954,3.378724233489377,3.3606114387512207,-0.0,-4.0,1.0,-0.0,0.0,-0.0,1.0,-0.0,3.3585525429807603,0.0,3.3585525429807603,3.3585525429807603,0.4754699468612671,-0.0,0.0,-3.93999981880188,0.0,0.0,0.0,0.0,2.0,2.0,2.0,2.0
8.002356899999995,0.5,0.0,0.0,0.5,0.48272937536239624,0.48272937536239624,3.394802935251015,3.376460552215576,-0.0,-4.0,1.0,-0.0,0.0,-0.0,1.0,-0.0,3.374401656445116,0.0,3.374401656445116,3.374401656445116,0.475474089384079,-0.0,0.0,-3.93999981880188,0.0,0.0,0.0,0.0,2.0,2.0,2.0,2.0
8.035869300000002,0.5,0.0,0.0,0.5,0.4307045042514801,0.4307045042514801,3.4092368768792953,3.3923099040985107,-0.0,-4.0,1.0,-0.0,0.0,-0.0,1.0,-0.0,3.3902510083280504,0.0,3.3902510083280504,3.3902510083280504,0.4754781126976013,-0.0,0.0,-3.93999981880188,0.0,0.0,0.0,0.0,2.0,2.0,2.0,2.0
8.069080100000008,0.5,0.0,0.0,0.5,0.49628105759620667,0.49628105759620667,3.4257187678269143,3.4081592559814453,-0.0,-4.0,1.0,-0.0,0.0,-0.0,1.0,-0.0,3.406100360210985,0.0,3.406100360210985,3.406100360210985,0.4754819869995117,-0.0,0.0,-3.93999981880188,0.0,0.0,0.0,0.0,2.0,2.0,2.0,2.0
8.102414899999985,0.5,0.0,0.0,0.5,0.48784539103507996,0.48784539103507996,3.4419809963679793,3.424008846282959,-0.0,-4.0,1.0,-0.0,0.0,-0.0,1.0,-0.0,3.4219499505124986,0.0,3.4219499505124986,3.4219499505124986,0.47548574209213257,-0.0,0.0,-3.93999981880188,0.0,0.0,0.0,0.0,2.0,2.0,2.0,2.0
8.135889599999985,0.5,0.0,0.0,0.5,0.4768579304218292,0.4768579304218292,3.4579436725314707,3.4398584365844727,-0.0,-4.0,1.0,-0.0,0.0,-0.0,1.0,-0.0,3.4377995408140123,0.0,3.4377995408140123,3.4377995408140123,0.4754893481731415,-0.0,0.0,-3.93999981880188,0.0,0.0,0.0,0.0,2.0,2.0,2.0,2.0
8.169330899999977,0.5,0.0,0.0,0.5,0.4383141100406647,0.4383141100406647,3.4726014661795706,3.4557082653045654,-0.0,-4.0,1.0,-0.0,0.0,-0.0,1.0,-0.0,3.453649369534105,0.0,3.453649369534105,3.453649369534105,0.47549283504486084,-0.0,0.0,-3.93999981880188,0.0,0.0,0.0,0.0,2.0,2.0,2.0,2.0
8.202515800000015,0.5,0.0,0.0,0.5,0.4383834898471832,0.4383834898471832,3.487149178451817,3.471558094024658,-0.0,-4.0,1.0,-0.0,0.0,-0.0,1.0,-0.0,3.469499198254198,0.0,3.469499198254198,3.469499198254198,0.47549623250961304,-0.0,0.0,-3.93999981880188,0.0,0.0,0.0,0.0,2.0,2.0,2.0,2.0
8.235777499999983,0.5,0.0,0.0,0.5,0.41827207803726196,0.41827207803726196,3.501061618829856,3.48740816116333,-0.0,-4.0,1.0,-0.0,0.0,-0.0,1.0,-0.0,3.4853492653928697,0.0,3.4853492653928697,3.4853492653928697,0.4754995107650757,-0.0,0.0,-3.93999981880188,0.0,0.0,0.0,0.0,2.0,2.0,2.0,2.0
8.269160800000009,0.5,0.0,0.0,0.5,0.48926448822021484,0.48926448822021484,3.5173948820194703,3.503258228302002,-0.0,-4.0,1.0,-0.0,0.0,-0.0,1.0,-0.0,3.5011993325315416,0.0,3.5011993325315416,3.5011993325315416,0.4755026698112488,-0.0,0.0,-3.93999981880188,0.0,0.0,0.0,0.0,2.0,2.0,2.0,2.0
8.302462600000013,0.5,0.0,0.0,0.5,0.4135143756866455,0.4135143756866455,3.5311656550557133,3.519108295440674,-0.0,-4.0,1.0,-0.0,0.0,-0.0,1.0,-0.0,3.5170493996702135,0.0,3.5170493996702135,3.5170493996702135,0.4755057096481323,-0.0,0.0,-3.93999981880188,0.0,0.0,0.0,0.0,2.0,2.0,2.0,2.0
8.335851699999978,0.5,0.0,0.0,0.5,0.4734935760498047,0.4734935760498047,3.5469751794157816,3.534958600997925,-0.0,-4.0,1.0,-0.0,0.0,-0.0,1.0,-0.0,3.5328997052274644,0.0,3.5328997052274644,3.5328997052274644,0.4755086600780487,-0.0,0.0,-3.93999981880188,0.0,0.0,0.0,0.0,2.0,2.0,2.0,2.0
8.36930639999997,0.5,0.0,0.0,0.5,0.4736168682575226,0.4736168682575226,3.562819889658273,3.550808906555176,-0.0,-4.0,1.0,-0.0,0.0,-0.0,1.0,-0.0,3.5487500107847154,0.0,3.5487500107847154,3.5487500107847154,0.4755115211009979,-0.0,0.0,-3.93999981880188,0.0,0.0,0.0,0.0,2.0,2.0,2.0,2.0
8.402576599999975,0.5,0.0,0.0,0.5,0.533237874507904,0.533237874507904,3.580560820390728,3.566659450531006,-0.0,-4.0,1.0,-0.0,0.0,-0.0,1.0,-0.0,3.5646005547605455,0.0,3.5646005547605455,3.5646005547605455,0.4755142629146576,-0.0,0.0,-3.93999981880188,0.0,0.0,0.0,0.0,2.0,2.0,2.0,2.0
8.4359513,0.5,0.0,0.0,0.5,0.4330148696899414,0.4330148696899414,3.5950125617621795,3.582509994506836,-0.0,-4.0,1.0,-0.0,0.0,-0.0,1.0,-0.0,3.5804510987363756,0.0,3.5804510987363756,3.5804510987363756,0.4755169153213501,-0.0,0.0,-3.93999981880188,0.0,0.0,0.0,0.0,2.0,2.0,2.0,2.0
8.469206699999972,0.5,0.0,0.0,0.5,0.5229525566101074,0.5229525566101074,3.6124035582132574,3.598360776901245,-0.0,-4.0,1.0,-0.0,0.0,-0.0,1.0,-0.0,3.5963018811307847,0.0,3.5963018811307847,3.5963018811307847,0.4755195081233978,-0.0,0.0,-3.93999981880188,0.0,0.0,0.0,0.0,2.0,2.0,2.0,2.0
8.502538799999968,0.5,0.0,0.0,0.5,0.4537043869495392,0.4537043869495392,3.627526478209496,3.614211320877075,-0.0,-4.0,1.0,-0.0,0.0,-0.0,1.0,-0.0,3.612152425106615,0.0,3.612152425106615,3.612152425106615,0.475521981716156,-0.0,0.0,-3.93999981880188,0.0,0.0,0.0,0.0,2.0,2.0,2.0,2.0
8.535840899999982,0.5,0.0,0.0,0.5,0.45317915081977844,0.45317915081977844,3.6426182956080178,3.6300623416900635,-0.0,-4.0,1.0,-0.0,0.0,-0.0,1.0,-0.0,3.628003445919603,0.0,3.628003445919603,3.628003445919603,0.4755243957042694,-0.0,0.0,-3.93999981880188,0.0,0.0,0.0,0.0,2.0,2.0,2.0,2.0
8.56922149999997,0.5,0.0,0.0,0.5,0.4302423298358917,0.4302423298358917,3.656980042723332,3.6459131240844727,-0.0,-4.0,1.0,-0.0,0.0,-0.0,1.0,-0.0,3.6438542283140123,0.0,3.6438542283140123,3.6438542283140123,0.47552672028541565,-0.0,0.0,-3.93999981880188,0.0,0.0,0.0,0.0,2.0,2.0,2.0,2.0
8.602611700000011,0.5,0.0,0.0,0.5,0.5079387426376343,0.5079387426376343,3.6739402189277723,3.661764144897461,-0.0,-4.0,1.0,-0.0,0.0,-0.0,1.0,-0.0,3.6597052491270006,0.0,3.6597052491270006,3.6597052491270006,0.4755289554595947,-0.0,0.0,-3.93999981880188,0.0,0.0,0.0,0.0,2.0,2.0,2.0,2.0
8.635919999999999,0.5,0.0,0.0,0.5,0.5285531878471375,0.5285531878471375,3.6915454270745345,3.677615165710449,-0.0,-4.0,1.0,-0.0,0.0,-0.0,1.0,-0.0,3.675556269939989,0.0,3.675556269939989,3.675556269939989,0.47553113102912903,-0.0,0.0,-3.93999981880188,0.0,0.0,0.0,0.0,2.0,2.0,2.0,2.0
8.669244300000003,0.5,0.0,0.0,0.5,0.46494847536087036,0.46494847536087036,3.7070395095520046,3.6934661865234375,-0.0,-4.0,1.0,-0.0,0.0,-0.0,1.0,-0.0,3.691407290752977,0.0,3.691407290752977,3.691407290752977,0.47553321719169617,-0.0,0.0,-3.93999981880188,0.0,0.0,0.0,0.0,2.0,2.0,2.0,2.0
8.70273229999998,0.5,0.0,0.0,0.5,0.459420382976532,0.459420382976532,3.7224245793371122,3.709317445755005,-0.0,-4.0,1.0,-0.0,0.0,-0.0,1.0,-0.0,3.7072585499845445,0.0,3.7072585499845445,3.7072585499845445,0.47553524374961853,-0.0,0.0,-3.93999981880188,0.0,0.0,0.0,0.0,2.0,2.0,2.0,2.0
8.736021899999969,0.5,0.0,0.0,0.5,0.5269485116004944,0.5269485116004944,3.7399664845088822,3.7251687049865723,-0.0,-4.0,1.0,-0.0,0.0,-0.0,1.0,-0.0,3.723109809216112,0.0,3.723109809216112,3.723109809216112,0.4755372107028961,-0.0,0.0,-3.93999981880188,0.0,0.0,0.0,0.0,2.0,2.0,2.0,2.0
8.76932039999997,0.5,0.0,0.0,0.5,0.5214517116546631,0.5214517116546631,3.7573300443294153,3.7410199642181396,-0.0,-4.0,1.0,-0.0,0.0,-0.0,1.0,-0.0,3.7389610684476793,0.0,3.7389610684476793,3.7389610684476793,0.47553908824920654,-0.0,0.0,-3.93999981880188,0.0,0.0,0.0,0.0,2.0,2.0,2.0,2.0
8.80271909999999,0.5,0.0,0.0,0.5,0.4804762601852417,0.4804762601852417,3.773377326800474,3.756871223449707,-0.0,-4.0,1.0,-0.0,0.0,-0.0,1.0,-0.0,3.7548123276792467,0.0,3.7548123276792467,3.7548123276792467,0.4755409061908722,-0.0,0.0,-3.93999981880188,0.0,0.0,0.0,0.0,2.0,2.0,2.0,2.0
8.836056499999984,0.5,0.0,0.0,0.5,0.5022883415222168,0.5022883415222168,3.790122314157134,3.7727227210998535,-0.0,-4.0,1.0,-0.0,0.0,-0.0,1.0,-0.0,3.770663825329393,0.0,3.770663825329393,3.770663825329393,0.47554269433021545,-0.0,0.0,-3.93999981880188,0.0,0.0,0.0,0.0,2.0,2.0,2.0,2.0
8.869458599999973,0.5,0.0,0.0,0.5,0.5187329053878784,0.5187329053878784,3.8074490825361846,3.78857421875,-0.0,-4.0,1.0,-0.0,0.0,-0.0,1.0,-0.0,3.7865153229795396,0.0,3.7865153229795396,3.7865153229795396,0.47554439306259155,-0.0,0.0,-3.93999981880188,0.0,0.0,0.0,0.0,2.0,2.0,2.0,2.0
8.902693899999974,0.5,0.0,0.0,0.5,0.4674956202507019,0.4674956202507019,3.8229864397239033,3.8044257164001465,-0.0,-4.0,1.0,-0.0,0.0,-0.0,1.0,-0.0,3.802366820629686,0.0,3.802366820629686,3.802366820629686,0.4755460321903229,-0.0,0.0,-3.93999981880188,0.0,0.0,0.0,0.0,2.0,2.0,2.0,2.0
8.936089299999992,0.5,0.0,0.0,0.5,0.48860159516334534,0.48860159516334534,3.83930348543503,3.820277452468872,-0.0,-4.0,1.0,-0.0,0.0,-0.0,1.0,-0.0,3.8182185566984117,0.0,3.8182185566984117,3.8182185566984117,0.4755476415157318,-0.0,0.0,-3.93999981880188,0.0,0.0,0.0,0.0,2.0,2.0,2.0,2.0
8.969353500000011,0.5,0.0,0.0,0.5,0.4982796311378479,0.4982796311378479,3.855878358741135,3.8361289501190186,-0.0,-4.0,1.0,-0.0,0.0,-0.0,1.0,-0.0,3.834070054348558,0.0,3.834070054348558,3.834070054348558,0.47554919123649597,-0.0,0.0,-3.93999981880188,0.0,0.0,0.0,0.0,2.0,2.0,2.0,2.0
9.00269179999998,0.5,0.0,0.0,0.5,0.4584202766418457,0.4584202766418457,3.8711613114498897,3.851980686187744,-0.0,-4.0,1.0,-0.0,0.0,-0.0,1.0,-0.0,3.8499217904172838,0.0,3.8499217904172838,3.8499217904172838,0.47555068135261536,-0.0,0.0,-3.93999981880188,0.0,0.0,0.0,0.0,2.0,2.0,2.0,2.0
9.036114800000007,0.5,0.0,0.0,0.5,0.488345205783844,0.488345205783844,3.8874832732628164,3.8678324222564697,-0.0,-4.0,1.0,-0.0,0.0,-0.0,1.0,-0.0,3.8657735264860094,0.0,3.8657735264860094,3.8657735264860094,0.47555211186408997,-0.0,0.0,-3.93999981880188,0.0,0.0,0.0,0.0,2.0,2.0,2.0,2.0
9.069341500000007,0.5,0.0,0.0,0.5,0.4661581814289093,0.4661581814289093,3.9029721713097003,3.8836841583251953,-0.0,-4.0,1.0,-0.0,0.0,-0.0,1.0,-0.0,3.881625262554735,0.0,3.881625262554735,3.881625262554735,0.4755535125732422,-0.0,0.0,-3.93999981880188,0.0,0.0,0.0,0.0,2.0,2.0,2.0,2.0
9.102743599999997,0.5,0.0,0.0,0.5,0.5260035395622253,0.5260035395622253,3.920541794138506,3.8995361328125,-0.0,-4.0,1.0,-0.0,0.0,-0.0,1.0,-0.0,3.8974772370420396,0.0,3.8974772370420396,3.8974772370420396,0.47555485367774963,-0.0,0.0,-3.93999981880188,0.0,0.0,0.0,0.0,2.0,2.0,2.0,2.0
9.136034300000006,0.5,0.0,0.0,0.5,0.4647030234336853,0.4647030234336853,3.936012083080734,3.9153878688812256,-0.0,-4.0,1.0,-0.0,0.0,-0.0,1.0,-0.0,3.913328973110765,0.0,3.913328973110765,3.913328973110765,0.4755561351776123,-0.0,0.0,-3.93999981880188,0.0,0.0,0.0,0.0,2.0,2.0,2.0,2.0
9.169485199999997,0.5,0.0,0.0,0.5,0.5120533108711243,0.5120533108711243,3.9531407271773484,3.9312398433685303,-0.0,-4.0,1.0,-0.0,0.0,-0.0,1.0,-0.0,3.92918094759807,0.0,3.92918094759807,3.92918094759807,0.4755573868751526,-0.0,0.0,-3.93999981880188,0.0,0.0,0.0,0.0,2.0,2.0,2.0,2.0
9.202722800000004,0.5,0.0,0.0,0.5,0.4322587251663208,0.4322587251663208,3.9675079697809394,3.947091817855835,-0.0,-4.0,1.0,-0.0,0.0,-0.0,1.0,-0.0,3.9450329220853746,0.0,3.9450329220853746,3.9450329220853746,0.4755586087703705,-0.0,0.0,-3.93999981880188,0.0,0.0,0.0,0.0,2.0,2.0,2.0,2.0
9.236122099999989,0.5,0.0,0.0,0.5,0.5075761079788208,0.5075761079788208,3.9844606564841487,3.9629437923431396,-0.0,-4.0,1.0,-0.0,0.0,-0.0,1.0,-0.0,3.9608848965726793,0.0,3.9608848965726793,3.9608848965726793,0.4755597710609436,-0.0,0.0,-3.93999981880188,0.0,0.0,0.0,0.0,2.0,2.0,2.0,2.0
9.269424500000014,0.5,0.0,0.0,0.5,0.45090749859809875,0.45090749859809875,3.9994769583654732,3.9787957668304443,-0.0,-4.0,1.0,-0.0,0.0,-0.0,1.0,-0.0,3.976736871059984,0.0,3.976736871059984,3.976736871059984,0.47556090354919434,-0.0,0.0,-3.93999981880188,0.0,0.0,0.0,0.0,2.0,2.0,2.0,2.0
9.302804400000014,0.5,0.0,0.0,0.5,0.5122338533401489,0.5122338533401489,4.016575273166582,3.994647979736328,-0.0,-4.0,1.0,-0.0,0.0,-0.0,1.0,-0.0,3.9925890839658678,0.0,3.9925890839658678,3.9925890839658678,0.4755620062351227,-0.0,0.0,-3.93999981880188,0.0,0.0,0.0,0.0,2.0,2.0,2.0,2.0
9.336238400000013,0.5,0.0,0.0,0.5,0.5348427891731262,0.5348427891731262,4.034457206979797,4.010499954223633,-0.0,-4.0,1.0,-0.0,0.0,-0.0,1.0,-0.0,4.0084410584531724,0.0,4.0084410584531724,4.0084410584531724,0.47556307911872864,-0.0,0.0,-3.93999981880188,0.0,0.0,0.0,0.0,2.0,2.0,2.0,2.0
9.369496700000013,0.5,0.0,0.0,0.5,0.5469585657119751,0.5469585657119751,4.0526481190458155,4.0263519287109375,-0.0,-4.0,1.0,-0.0,0.0,-0.0,1.0,-0.0,4.024293032940477,0.0,4.024293032940477,4.024293032940477,0.4755640923976898,-0.0,0.0,-3.93999981880188,0.0,0.0,0.0,0.0,2.0,2.0,2.0,2.0
9.40279959999998,0.5,0.0,0.0,0.5,0.4934307634830475,0.4934307634830475,4.069080794418999,4.0422043800354,-0.0,-4.0,1.0,-0.0,0.0,-0.0,1.0,-0.0,4.04014548426494,0.0,4.04014548426494,4.04014548426494,0.4755650758743286,-0.0,0.0,-3.93999981880188,0.0,0.0,0.0,0.0,2.0,2.0,2.0,2.0
9.437921399999993,0.5,0.0,0.0,0.5,0.39918744564056396,0.39918744564056396,4.0831009760473025,4.058056354522705,-0.0,-4.0,1.0,-0.0,0.0,-0.0,1.0,-0.0,4.055997458752245,0.0,4.055997458752245,4.055997458752245,0.475566029548645,-0.0,0.0,-3.93999981880188,0.0,0.0,0.0,0.0,2.0,2.0,2.0,2.0
9.471296300000006,0.5,0.0,0.0,0.5,0.5249242782592773,0.5249242782592773,4.100620271341785,4.073908805847168,-0.0,-4.0,1.0,-0.0,0.0,-0.0,1.0,-0.0,4.071849910076708,0.0,4.071849910076708,4.071849910076708,0.47556695342063904,-0.0,0.0,-3.93999981880188,0.0,0.0,0.0,0.0,2.0,2.0,2.0,2.0
9.504568099999972,0.5,0.0,0.0,0.5,0.5052245259284973,0.5052245259284973,4.117430000723555,4.089760780334473,-0.0,-4.0,1.0,-0.0,0.0,-0.0,1.0,-0.0,4.087701884564012,0.0,4.087701884564012,4.087701884564012,0.47556784749031067,-0.0,0.0,-3.93999981880188,0.0,0.0,0.0,0.0,2.0,2.0,2.0,2.0
9.537912199999994,0.5,0.0,0.0,0.5,0.49348896741867065,0.49348896741867065,4.133884946202071,4.1056132316589355,-0.0,-4.0,1.0,-0.0,0.0,-0.0,1.0,-0.0,4.103554335888475,0.0,4.103554335888475,4.103554335888475,0.4755687117576599,-0.0,0.0,-3.93999981880188,0.0,0.0,0.0,0.0,2.0,2.0,2.0,2.0
9.571189500000003,0.5,0.0,0.0,0.5,0.5139237642288208,0.5139237642288208,4.150986941481447,4.121465682983398,-0.0,-4.0,1.0,-0.0,0.0,-0.0,1.0,-0.0,4.119406787212938,0.0,4.119406787212938,4.119406787212938,0.47556954622268677,-0.0,0.0,-3.93999981880188,0.0,0.0,0.0,0.0,2.0,2.0,2.0,2.0
9.604666800000018,0.5,0.0,0.0,0.5,0.5336049795150757,0.5336049795150757,4.1688505954621755,4.137318134307861,-0.0,-4.0,1.0,-0.0,0.0,-0.0,1.0,-0.0,4.135259238537401,0.0,4.135259238537401,4.135259238537401,0.47557035088539124,-0.0,0.0,-3.93999981880188,0.0,0.0,0.0,0.0,2.0,2.0,2.0,2.0
9.638029700000004,0.5,0.0,0.0,0.5,0.5100390911102295,0.5100390911102295,4.18586697865497,4.153170108795166,-0.0,-4.0,1.0,-0.0,0.0,-0.0,1.0,-0.0,4.151111213024706,0.0,4.151111213024706,4.151111213024706,0.4755711257457733,-0.0,0.0,-3.93999981880188,0.0,0.0,0.0,0.0,2.0,2.0,2.0,2.0
9.671264399999984,0.5,0.0,0.0,0.5,0.4935287535190582,0.4935287535190582,4.20226925871954,4.169022560119629,-0.0,-4.0,1.0,-0.0,0.0,-0.0,1.0,-0.0,4.1669636643491685,0.0,4.1669636643491685,4.1669636643491685,0.4755719006061554,-0.0,0.0,-3.93999981880188,0.0,0.0,0.0,0.0,2.0,2.0,2.0,2.0
9.704586699999993,0.5,0.0,0.0,0.5,0.5048990249633789,0.5048990249633789,4.219093655499082,4.184875011444092,-0.0,-4.0,1.0,-0.0,0.0,-0.0,1.0,-0.0,4.182816115673631,0.0,4.182816115673631,4.182816115673631,0.4755726158618927,-0.0,0.0,-3.93999981880188,0.0,0.0,0.0,0.0,2.0,2.0,2.0,2.0
9.737996500000008,0.5,0.0,0.0,0.5,0.4785114824771881,0.4785114824771881,4.235080628426355,4.200727462768555,-0.0,-4.0,1.0,-0.0,0.0,-0.0,1.0,-0.0,4.198668566998094,0.0,4.198668566998094,4.198668566998094,0.47557333111763,-0.0,0.0,-3.93999981880188,0.0,0.0,0.0,0.0,2.0,2.0,2.0,2.0
9.771344599999964,0.5,0.0,0.0,0.5,0.5174837112426758,0.5174837112426758,4.252337726977224,4.216579914093018,-0.0,-4.0,1.0,-0.0,0.0,-0.0,1.0,-0.0,4.214521018322557,0.0,4.214521018322557,4.214521018322557,0.47557398676872253,-0.0,0.0,-3.93999981880188,0.0,0.0,0.0,0.0,2.0,2.0,2.0,2.0
9.804607699999963,0.5,0.0,0.0,0.5,0.5045154690742493,0.5045154690742493,4.269119475476587,4.2324323654174805,-0.0,-4.0,1.0,-0.0,0.0,-0.0,1.0,-0.0,4.23037346964702,0.0,4.23037346964702,4.23037346964702,0.47557464241981506,-0.0,0.0,-3.93999981880188,0.0,0.0,0.0,0.0,2.0,2.0,2.0,2.0
9.838004000000012,0.5,0.0,0.0,0.5,0.48349592089653015,0.48349592089653015,4.285266450299647,4.248284816741943,-0.0,-4.0,1.0,-0.0,0.0,-0.0,1.0,-0.0,4.246225920971483,0.0,4.246225920971483,4.246225920971483,0.4755752980709076,-0.0,0.0,-3.93999981880188,0.0,0.0,0.0,0.0,2.0,2.0,2.0,2.0
9.871421399999974,0.5,0.0,0.0,0.5,0.4616605341434479,0.4616605341434479,4.3006939450333155,4.2641377449035645,-0.0,-4.0,1.0,-0.0,0.0,-0.0,1.0,-0.0,4.262078849133104,0.0,4.262078849133104,4.262078849133104,0.47557589411735535,-0.0,0.0,-3.93999981880188,0.0,0.0,0.0,0.0,2.0,2.0,2.0,2.0
9.904662700000017,0.5,0.0,0.0,0.5,0.5061125159263611,0.5061125159263611,4.317517783009,4.279990196228027,-0.0,-4.0,1.0,-0.0,0.0,-0.0,1.0,-0.0,4.277931300457567,0.0,4.277931300457567,4.277931300457567,0.4755764901638031,-0.0,0.0,-3.93999981880188,0.0,0.0,0.0,0.0,2.0,2.0,2.0,2.0
9.93804879999999,0.5,0.0,0.0,0.5,0.4709492623806,0.4709492623806,4.333240942177753,4.29584264755249,-0.0,-4.0,1.0,-0.0,0.0,-0.0,1.0,-0.0,4.29378375178203,0.0,4.29378375178203,4.29378375178203,0.47557705640792847,-0.0,0.0,-3.93999981880188,0.0,0.0,0.0,0.0,2.0,2.0,2.0,2.0
9.971417599999995,0.5,0.0,0.0,0.5,0.4842177629470825,0.4842177629470825,4.3493987078659835,4.311695098876953,-0.0,-4.0,1.0,-0.0,0.0,-0.0,1.0,-0.0,4.309636203106493,0.0,4.309636203106493,4.309636203106493,0.47557762265205383,-0.0,0.0,-3.93999981880188,0.0,0.0,0.0,0.0,2.0,2.0,2.0,2.0
10.004682000000003,0.5,0.0,0.0,0.5,0.5231425762176514,0.5231425762176514,4.366800731778322,4.327548027038574,-0.0,-4.0,1.0,-0.0,0.0,-0.0,1.0,-0.0,4.325489131268114,0.0,4.325489131268114,4.325489131268114,0.4755781590938568,-0.0,0.0,-3.93999981880188,0.0,0.0,0.0,0.0,2.0,2.0,2.0,2.0
10.038093899999978,0.5,0.0,0.0,0.5,0.4431281089782715,0.4431281089782715,4.381606483842682,4.343400478363037,-0.0,-4.0,1.0,-0.0,0.0,-0.0,1.0,-0.0,4.341341582592577,0.0,4.341341582592577,4.341341582592577,0.4755786657333374,-0.0,0.0,-3.93999981880188,0.0,0.0,0.0,0.0,2.0,2.0,2.0,2.0
10.071390699999995,0.5,0.0,0.0,0.5,0.4896042048931122,0.4896042048931122,4.397908737132175,4.3592529296875,-0.0,-4.0,1.0,-0.0,0.0,-0.0,1.0,-0.0,4.35719403391704,0.0,4.35719403391704,4.35719403391704,0.475579172372818,-0.0,0.0,-3.93999981880188,0.0,0.0,0.0,0.0,2.0,2.0,2.0,2.0
10.104766299999994,0.5,0.0,0.0,0.5,0.4658839702606201,0.4658839702606201,4.413457894170005,4.375105857849121,-0.0,-4.0,1.0,-0.0,0.0,-0.0,1.0,-0.0,4.373046962078661,0.0,4.373046962078661,4.373046962078661,0.4755796492099762,-0.0,0.0,-3.93999981880188,0.0,0.0,0.0,0.0,2.0,2.0,2.0,2.0
10.138067799999988,0.5,0.0,0.0,0.5,0.4808332324028015,0.4808332324028015,4.429470362058863,4.390958309173584,-0.0,-4.0,1.0,-0.0,0.0,-0.0,1.0,-0.0,4.388899413403124,0.0,4.388899413403124,4.388899413403124,0.4755801260471344,-0.0,0.0,-3.93999981880188,0.0,0.0,0.0,0.0,2.0,2.0,2.0,2.0
10.171475600000008,0.5,0.0,0.0,0.5,0.4676972031593323,0.4676972031593323,4.445095096682579,4.406811237335205,-0.0,-4.0,1.0,-0.0,0.0,-0.0,1.0,-0.0,4.404752341564745,0.0,4.404752341564745,4.404752341564745,0.4755805730819702,-0.0,0.0,-3.93999981880188,0.0,0.0,0.0,0.0,2.0,2.0,2.0,2.0
10.204807399999993,0.5,0.0,0.0,0.5,0.41124483942985535,0.41124483942985535,4.4588026274214805,4.422663688659668,-0.0,-4.0,1.0,-0.0,0.0,-0.0,1.0,-0.0,4.420604792889208,0.0,4.420604792889208,4.420604792889208,0.47558099031448364,-0.0,0.0,-3.93999981880188,0.0,0.0,0.0,0.0,2.0,2.0,2.0,2.0
10.238148799999976,0.5,0.0,0.0,0.5,0.47129586338996887,0.47129586338996887,4.474516291321103,4.438516616821289,-0.0,-4.0,1.0,-0.0,0.0,-0.0,1.0,-0.0,4.436457721050829,0.0,4.436457721050829,4.436457721050829,0.47558143734931946,-0.0,0.0,-3.93999981880188,0.0,0.0,0.0,0.0,2.0,2.0,2.0,2.0
10.271465999999975,0.5,0.0,0.0,0.5,0.4729393720626831,0.4729393720626831,4.490273306967989,4.454369068145752,-0.0,-4.0,1.0,-0.0,0.0,-0.0,1.0,-0.0,4.452310172375292,0.0,4.452310172375292,4.452310172375292,0.4755818247795105,-0.0,0.0,-3.93999981880188,0.0,0.0,0.0,0.0,2.0,2.0,2.0,2.0
10.304780300000004,0.5,0.0,0.0,0.5,0.5296414494514465,0.5296414494514465,4.507917941107465,4.470221996307373,-0.0,-4.0,1.0,-0.0,0.0,-0.0,1.0,-0.0,4.468163100536913,0.0,4.468163100536913,4.468163100536913,0.47558221220970154,-0.0,0.0,-3.93999981880188,0.0,0.0,0.0,0.0,2.0,2.0,2.0,2.0
10.338159599999983,0.5,0.0,0.0,0.5,0.48546102643013,0.48546102643013,4.524122290346973,4.486074924468994,-0.0,-4.0,1.0,-0.0,0.0,-0.0,1.0,-0.0,4.484016028698534,0.0,4.484016028698534,4.484016028698534,0.4755825996398926,-0.0,0.0,-3.93999981880188,0.0,0.0,0.0,0.0,2.0,2.0,2.0,2.0
10.371482500000013,0.5,0.0,0.0,0.5,0.46011632680892944,0.46011632680892944,4.539454700693608,4.501927375793457,-0.0,-4.0,1.0,-0.0,0.0,-0.0,1.0,-0.0,4.499868480022997,0.0,4.499868480022997,4.499868480022997,0.47558295726776123,-0.0,0.0,-3.93999981880188,0.0,0.0,0.0,0.0,2.0,2.0,2.0,2.0
10.404841999999974,0.5,0.0,0.0,0.5,0.4734516441822052,0.4734516441822052,4.555248810817686,4.517780303955078,-0.0,-4.0,1.0,-0.0,0.0,-0.0,1.0,-0.0,4.515721408184618,0.0,4.515721408184618,4.515721408184618,0.4755833148956299,-0.0,0.0,-3.93999981880188,0.0,0.0,0.0,0.0,2.0,2.0,2.0,2.0
10.438159499999983,0.5,0.0,0.0,0.5,0.46647170186042786,0.46647170186042786,4.570790481744425,4.533633232116699,-0.0,-4.0,1.0,-0.0,0.0,-0.0,1.0,-0.0,4.531574336346239,0.0,4.531574336346239,4.531574336346239,0.47558367252349854,-0.0,0.0,-3.93999981880188,0.0,0.0,0.0,0.0,2.0,2.0,2.0,2.0
10.471624299999974,0.5,0.0,0.0,0.5,0.40382474660873413,0.40382474660873413,4.584304396124733,4.54948616027832,-0.0,-4.0,1.0,-0.0,0.0,-0.0,1.0,-0.0,4.54742726450786,0.0,4.54742726450786,4.54742726450786,0.4755840003490448,-0.0,0.0,-3.93999981880188,0.0,0.0,0.0,0.0,2.0,2.0,2.0,2.0
10.504903200000001,0.5,0.0,0.0,0.5,0.41803064942359924,0.41803064942359924,4.598215996303848,4.565338611602783,-0.0,-4.0,1.0,-0.0,0.0,-0.0,1.0,-0.0,4.563279715832323,0.0,4.563279715832323,4.563279715832323,0.47558432817459106,-0.0,0.0,-3.93999981880188,0.0,0.0,0.0,0.0,2.0,2.0,2.0,2.0
10.538199599999984,0.5,0.0,0.0,0.5,0.4554843604564667,0.4554843604564667,4.613381985763343,4.581191539764404,-0.0,-4.0,1.0,-0.0,0.0,-0.0,1.0,-0.0,4.579132643993944,0.0,4.579132643993944,4.579132643993944,0.47558462619781494,-0.0,0.0,-3.93999981880188,0.0,0.0,0.0,0.0,2.0,2.0,2.0,2.0
10.571583900000007,0.5,0.0,0.0,0.5,0.4546622633934021,0.4546622633934021,4.6285605671631584,4.597044467926025,-0.0,-4.0,1.0,-0.0,0.0,-0.0,1.0,-0.0,4.594985572155565,0.0,4.594985572155565,4.594985572155565,0.4755849242210388,-0.0,0.0,-3.93999981880188,0.0,0.0,0.0,0.0,2.0,2.0,2.0,2.0
10.604901600000005,0.5,0.0,0.0,0.5,0.46295127272605896,0.46295127272605896,4.643985038782462,4.6128973960876465,-0.0,-4.0,1.0,-0.0,0.0,-0.0,1.0,-0.0,4.610838500317186,0.0,4.610838500317186,4.610838500317186,0.4755852222442627,-0.0,0.0,-3.93999981880188,0.0,0.0,0.0,0.0,2.0,2.0,2.0,2.0
10.638209399999994,0.5,0.0,0.0,0.5,0.497193306684494,0.497193306684494,4.660545454002842,4.628750324249268,-0.0,-4.0,1.0,-0.0,0.0,-0.0,1.0,-0.0,4.626691428478807,0.0,4.626691428478807,4.626691428478807,0.4755854904651642,-0.0,0.0,-3.93999981880188,0.0,0.0,0.0,0.0,2.0,2.0,2.0,2.0
10.671619299999975,0.5,0.0,0.0,0.5,0.4801604747772217,0.4801604747772217,4.676587567449093,4.6446027755737305,-0.0,-4.0,1.0,-0.0,0.0,-0.0,1.0,-0.0,4.64254387980327,0.0,4.64254387980327,4.64254387980327,0.4755857586860657,-0.0,0.0,-3.93999981880188,0.0,0.0,0.0,0.0,2.0,2.0,2.0,2.0
10.704925199999991,0.5,0.0,0.0,0.5,0.5264788269996643,0.5264788269996643,4.6941224186132695,4.660455703735352,-0.0,-4.0,1.0,-0.0,0.0,-0.0,1.0,-0.0,4.658396807964891,0.0,4.658396807964891,4.658396807964891,0.47558602690696716,-0.0,0.0,-3.93999981880188,0.0,0.0,0.0,0.0,2.0,2.0,2.0,2.0
10.738258799999983,0.5,0.0,0.0,0.5,0.5260316729545593,0.5260316729545593,4.711656947986863,4.676308631896973,-0.0,-4.0,1.0,-0.0,0.0,-0.0,1.0,-0.0,4.674249736126512,0.0,4.674249736126512,4.674249736126512,0.47558626532554626,-0.0,0.0,-3.93999981880188,0.0,0.0,0.0,0.0,2.0,2.0,2.0,2.0
10.771595399999967,0.5,0.0,0.0,0.5,0.44843247532844543,0.44843247532844543,4.72660616204389,4.692161560058594,-0.0,-4.0,1.0,-0.0,0.0,-0.0,1.0,-0.0,4.690102664288133,0.0,4.690102664288133,4.690102664288133,0.47558653354644775,-0.0,0.0,-3.93999981880188,0.0,0.0,0.0,0.0,2.0,2.0,2.0,2.0
10.804993599999989,0.5,0.0,0.0,0.5,0.4554777145385742,0.4554777145385742,4.741818297849602,4.708014488220215,-0.0,-4.0,1.0,-0.0,0.0,-0.0,1.0,-0.0,4.7059555924497545,0.0,4.7059555924497545,4.7059555924497545,0.47558677196502686,-0.0,0.0,-3.93999981880188,0.0,0.0,0.0,0.0,2.0,2.0,2.0,2.0
10.838259100000016,0.5,0.0,0.0,0.5,0.535146176815033,0.535146176815033,4.759620202994458,4.723867416381836,-0.0,-4.0,1.0,-0.0,0.0,-0.0,1.0,-0.0,4.721808520611376,0.0,4.721808520611376,4.721808520611376,0.47558698058128357,-0.0,0.0,-3.93999981880188,0.0,0.0,0.0,0.0,2.0,2.0,2.0,2.0
10.87163019999997,0.5,0.0,0.0,0.5,0.4517658054828644,0.4517658054828644,4.774696124865786,4.739720344543457,-0.0,-4.0,1.0,-0.0,0.0,-0.0,1.0,-0.0,4.737661448772997,0.0,4.737661448772997,4.737661448772997,0.47558721899986267,-0.0,0.0,-3.93999981880188,0.0,0.0,0.0,0.0,2.0,2.0,2.0,2.0
10.90497049999999,0.5,0.0,0.0,0.5,0.3864978551864624,0.3864978551864624,4.787582079307067,4.755573272705078,-0.0,-4.0,1.0,-0.0,0.0,-0.0,1.0,-0.0,4.753514376934618,0.0,4.753514376934618,4.753514376934618,0.4755874276161194,-0.0,0.0,-3.93999981880188,0.0,0.0,0.0,0.0,2.0,2.0,2.0,2.0
10.93841329999998,0.5,0.0,0.0,0.5,0.5098316669464111,0.5098316669464111,4.804632277778417,4.771426200866699,-0.0,-4.0,1.0,-0.0,0.0,-0.0,1.0,-0.0,4.769367305096239,0.0,4.769367305096239,4.769367305096239,0.4755876362323761,-0.0,0.0,-3.93999981880188,0.0,0.0,0.0,0.0,2.0,2.0,2.0,2.0
10.971689700000013,0.5,0.0,0.0,0.5,0.4524463713169098,0.4524463713169098,4.819688064208922,4.78727912902832,-0.0,-4.0,1.0,-0.0,0.0,-0.0,1.0,-0.0,4.78522023325786,0.0,4.78522023325786,4.78522023325786,0.4755878150463104,-0.0,0.0,-3.93999981880188,0.0,0.0,0.0,0.0,2.0,2.0,2.0,2.0
11.005004499999984,0.5,0.0,0.0,0.5,0.44421571493148804,0.44421571493148804,4.834487021908709,4.803132057189941,-0.0,-4.0,1.0,-0.0,0.0,-0.0,1.0,-0.0,4.801073161419481,0.0,4.801073161419481,4.801073161419481,0.47558802366256714,-0.0,0.0,-3.93999981880188,0.0,0.0,0.0,0.0,2.0,2.0,2.0,2.0
11.038290700000005,0.5,0.0,0.0,0.5,0.4982255697250366,0.4982255697250366,4.8510710578677,4.8189849853515625,-0.0,-4.0,1.0,-0.0,0.0,-0.0,1.0,-0.0,4.816926089581102,0.0,4.816926089581102,4.816926089581102,0.47558820247650146,-0.0,0.0,-3.93999981880188,0.0,0.0,0.0,0.0,2.0,2.0,2.0,2.0
11.07178749999997,0.5,0.0,0.0,0.5,0.5418374538421631,0.5418374538421631,4.869220878691542,4.834837913513184,-0.0,-4.0,1.0,-0.0,0.0,-0.0,1.0,-0.0,4.832779017742723,0.0,4.832779017742723,4.832779017742723,0.4755883812904358,-0.0,0.0,-3.93999981880188,0.0,0.0,0.0,0.0,2.0,2.0,2.0,2.0
11.10510469999997,0.5,0.0,0.0,0.5,0.40586742758750916,0.40586742758750916,4.88274324494996,4.850690841674805,-0.0,-4.0,1.0,-0.0,0.0,-0.0,1.0,-0.0,4.848631945904344,0.0,4.848631945904344,4.848631945904344,0.4755885601043701,-0.0,0.0,-3.93999981880188,0.0,0.0,0.0,0.0,2.0,2.0,2.0,2.0
11.138371800000016,0.5,0.0,0.0,0.5,0.5230262279510498,0.5230262279510498,4.900142810777854,4.866543769836426,-0.0,-4.0,1.0,-0.0,0.0,-0.0,1.0,-0.0,4.864484874065965,0.0,4.864484874065965,4.864484874065965,0.47558870911598206,-0.0,0.0,-3.93999981880188,0.0,0.0,0.0,0.0,2.0,2.0,2.0,2.0
11.171751700000016,0.5,0.0,0.0,0.5,0.45073437690734863,0.45073437690734863,4.915188279205584,4.882396697998047,-0.0,-4.0,1.0,-0.0,0.0,-0.0,1.0,-0.0,4.8803378022275865,0.0,4.8803378022275865,4.8803378022275865,0.4755888879299164,-0.0,0.0,-3.93999981880188,0.0,0.0,0.0,0.0,2.0,2.0,2.0,2.0
11.205014399999982,0.5,0.0,0.0,0.5,0.4711967408657074,0.4711967408657074,4.9308615550379615,4.898249626159668,-0.0,-4.0,1.0,-0.0,0.0,-0.0,1.0,-0.0,4.896190730389208,0.0,4.896190730389208,4.896190730389208,0.4755890369415283,-0.0,0.0,-3.93999981880188,0.0,0.0,0.0,0.0,2.0,2.0,2.0,2.0
11.23839240000001,0.5,0.0,0.0,0.5,0.45590582489967346,0.45590582489967346,4.946078779661475,4.914102554321289,-0.0,-4.0,1.0,-0.0,0.0,-0.0,1.0,-0.0,4.912043658550829,0.0,4.912043658550829,4.912043658550829,0.47558918595314026,-0.0,0.0,-3.93999981880188,0.0,0.0,0.0,0.0,2.0,2.0,2.0,2.0
11.271731699999975,0.5,0.0,0.0,0.5,0.5117299556732178,0.5117299556732178,4.963139498172634,4.92995548248291,-0.0,-4.0,1.0,-0.0,0.0,-0.0,1.0,-0.0,4.92789658671245,0.0,4.92789658671245,4.92789658671245,0.4755893349647522,-0.0,0.0,-3.93999981880188,0.0,0.0,0.0,0.0,2.0,2.0,2.0,2.0
11.30509109999997,0.5,0.0,0.0,0.5,0.43942713737487793,0.43942713737487793,4.977798523819175,4.945808410644531,-0.0,-4.0,1.0,-0.0,0.0,-0.0,1.0,-0.0,4.943749514874071,0.0,4.943749514874071,4.943749514874071,0.47558948397636414,-0.0,0.0,-3.93999981880188,0.0,0.0,0.0,0.0,2.0,2.0,2.0,2.0
11.338434599999971,0.5,0.0,0.0,0.5,0.43381834030151367,0.43381834030151367,4.992263545649019,4.9616618156433105,-0.0,-4.0,1.0,-0.0,0.0,-0.0,1.0,-0.0,4.95960291987285,0.0,4.95960291987285,4.95960291987285,0.4755896031856537,-0.0,0.0,-3.93999981880188,0.0,0.0,0.0,0.0,2.0,2.0,2.0,2.0
11.371840200000008,0.5,0.0,0.0,0.5,0.4569310247898102,0.4569310247898102,5.0075276006907545,4.977514743804932,-0.0,-4.0,1.0,-0.0,0.0,-0.0,1.0,-0.0,4.975455848034471,0.0,4.975455848034471,4.975455848034471,0.4755897521972656,-0.0,0.0,-3.93999981880188,0.0,0.0,0.0,0.0,2.0,2.0,2.0,2.0
