time,phase,lateral_command,dvl_lateral_velocity_raw,dvl_lateral_velocity_used,pose_x,pose_y,pose_z,cmd_0,cmd_1,cmd_2,cmd_3,cmd_4,cmd_5,cmd_6,cmd_7
0.0333496000000002,positive_lateral_command,0.5,-0.032231949269771576,-0.032231949269771576,0.0,0.00013208437303546816,-4.0,0.0,0.0,0.0,0.0,0.5,-0.5,0.5,-0.5
0.0666815000000005,positive_lateral_command,0.5,-0.04562361165881157,-0.04562361165881157,0.0,0.0003918476577382535,-4.0,0.0,0.0,0.0,0.0,0.5,-0.5,0.5,-0.5
0.10000130000000063,positive_lateral_command,0.5,0.0037407877389341593,0.0037407877389341593,0.0,0.0007750263903290033,-4.0,0.0,0.0,0.0,0.0,0.5,-0.5,0.5,-0.5
0.13330600000000015,positive_lateral_command,0.5,0.028009969741106033,0.028009969741106033,0.0,0.0012774947099387646,-4.0,0.0,0.0,0.0,0.0,0.5,-0.5,0.5,-0.5
0.16665520000000011,positive_lateral_command,0.5,0.005453853867948055,0.005453853867948055,0.0,0.0018952602986246347,-4.0,0.0,0.0,0.0,0.0,0.5,-0.5,0.5,-0.5
0.19993410000000011,positive_lateral_command,0.5,0.06083947420120239,0.06083947420120239,0.0,0.002624460496008396,-4.0,0.0,0.0,0.0,0.0,0.5,-0.5,0.5,-0.5
0.2333211000000004,positive_lateral_command,0.5,-0.034540463238954544,-0.034540463238954544,0.0,0.003461358370259404,-4.0,0.0,0.0,0.0,0.0,0.5,-0.5,0.5,-0.5
0.26678090000000054,positive_lateral_command,0.5,0.08803313970565796,0.08803313970565796,0.0,0.004402338061481714,-4.0,0.0,0.0,0.0,0.0,0.5,-0.5,0.5,-0.5
0.3000134000000001,positive_lateral_command,0.5,0.03506259247660637,0.03506259247660637,0.0,0.005443902686238289,-4.0,0.0,0.0,0.0,0.0,0.5,-0.5,0.5,-0.5
0.33336200000000016,positive_lateral_command,0.5,-0.058682702481746674,-0.058682702481746674,0.0,0.006582669448107481,-4.0,0.0,0.0,0.0,0.0,0.5,-0.5,0.5,-0.5
0.36667200000000033,positive_lateral_command,0.5,0.12729981541633606,0.12729981541633606,0.0,0.007815365679562092,-4.0,0.0,0.0,0.0,0.0,0.5,-0.5,0.5,-0.5
0.4000893000000003,positive_lateral_command,0.5,0.07543593645095825,0.07543593645095825,0.0,0.009138827212154865,-4.0,0.0,0.0,0.0,0.0,0.5,-0.5,0.5,-0.5
0.43342610000000015,positive_lateral_command,0.5,0.02382509782910347,0.02382509782910347,0.0,0.010549994185566902,-4.0,0.0,0.0,0.0,0.0,0.5,-0.5,0.5,-0.5
0.4667558999999999,positive_lateral_command,0.5,0.058625999838113785,0.058625999838113785,0.0,0.012045904994010925,-4.0,0.0,0.0,0.0,0.0,0.5,-0.5,0.5,-0.5
0.5001342000000006,positive_lateral_command,0.5,0.0362248532474041,0.0362248532474041,0.0,0.01362369954586029,-4.0,0.0,0.0,0.0,0.0,0.5,-0.5,0.5,-0.5
0.5334091000000001,positive_lateral_command,0.5,0.013725360855460167,0.013725360855460167,0.0,0.01528060995042324,-4.0,0.0,0.0,0.0,0.0,0.5,-0.5,0.5,-0.5
0.5667211999999999,positive_lateral_command,0.5,0.06010120362043381,0.06010120362043381,0.0,0.01701395958662033,-4.0,0.0,0.0,0.0,0.0,0.5,-0.5,0.5,-0.5
0.6000888,positive_lateral_command,0.5,0.0828743726015091,0.0828743726015091,0.0,0.01882116310298443,-4.0,0.0,0.0,0.0,0.0,0.5,-0.5,0.5,-0.5
0.6336428000000005,positive_lateral_command,0.5,0.06477164477109909,0.06477164477109909,0.0,0.020699717104434967,-4.0,0.0,0.0,0.0,0.0,0.5,-0.5,0.5,-0.5
0.6668004000000005,positive_lateral_command,0.5,0.1047491505742073,0.1047491505742073,0.0,0.022647205740213394,-4.0,0.0,0.0,0.0,0.0,0.5,-0.5,0.5,-0.5
0.7001065999999998,positive_lateral_command,0.5,0.06967511028051376,0.06967511028051376,0.0,0.024661289528012276,-4.0,0.0,0.0,0.0,0.0,0.5,-0.5,0.5,-0.5
0.7334576999999998,positive_lateral_command,0.5,0.06026093661785126,0.06026093661785126,0.0,0.026739710941910744,-4.0,0.0,0.0,0.0,0.0,0.5,-0.5,0.5,-0.5
0.7668584000000003,positive_lateral_command,0.5,0.04351221024990082,0.04351221024990082,0.0,0.0288802832365036,-4.0,0.0,0.0,0.0,0.0,0.5,-0.5,0.5,-0.5
0.8001969000000004,positive_lateral_command,0.5,0.11981499195098877,0.11981499195098877,0.0,0.03108089603483677,-4.0,0.0,0.0,0.0,0.0,0.5,-0.5,0.5,-0.5
0.8334904999999999,positive_lateral_command,0.5,0.0192708857357502,0.0192708857357502,0.0,0.03333950787782669,-4.0,0.0,0.0,0.0,0.0,0.5,-0.5,0.5,-0.5
0.8668355999999999,positive_lateral_command,0.5,0.02963915467262268,0.02963915467262268,0.0,0.03565414994955063,-4.0,0.0,0.0,0.0,0.0,0.5,-0.5,0.5,-0.5
0.9001971000000006,positive_lateral_command,0.5,0.050680335611104965,0.050680335611104965,0.0,0.03802291303873062,-4.0,0.0,0.0,0.0,0.0,0.5,-0.5,0.5,-0.5
0.9335300000000002,positive_lateral_command,0.5,0.07066123932600021,0.07066123932600021,0.0,0.04044395312666893,-4.0,0.0,0.0,0.0,0.0,0.5,-0.5,0.5,-0.5
0.9669350000000003,positive_lateral_command,0.5,0.10711240023374557,0.10711240023374557,0.0,0.04291549324989319,-4.0,0.0,0.0,0.0,0.0,0.5,-0.5,0.5,-0.5
1.0002721,positive_lateral_command,0.5,0.1818639636039734,0.1818639636039734,0.0,0.04543581232428551,-4.0,0.0,0.0,0.0,0.0,0.5,-0.5,0.5,-0.5
1.0336295,positive_lateral_command,0.5,0.057495635002851486,0.057495635002851486,0.0,0.04800324887037277,-4.0,0.0,0.0,0.0,0.0,0.5,-0.5,0.5,-0.5
1.0669095999999998,positive_lateral_command,0.5,0.10402145981788635,0.10402145981788635,0.0,0.05061618983745575,-4.0,0.0,0.0,0.0,0.0,0.5,-0.5,0.5,-0.5
1.1002404000000006,positive_lateral_command,0.5,0.03505553677678108,0.03505553677678108,0.0,0.05327308923006058,-4.0,0.0,0.0,0.0,0.0,0.5,-0.5,0.5,-0.5
1.1335606,positive_lateral_command,0.5,0.08150910586118698,0.08150910586118698,0.0,0.055972445756196976,-4.0,0.0,0.0,0.0,0.0,0.5,-0.5,0.5,-0.5
1.1668943,positive_lateral_command,0.5,0.05380998179316521,0.05380998179316521,0.0,0.058712806552648544,-4.0,0.0,0.0,0.0,0.0,0.5,-0.5,0.5,-0.5
1.2001929000000002,positive_lateral_command,0.5,0.06756527721881866,0.06756527721881866,0.0,0.06149277463555336,-4.0,0.0,0.0,0.0,0.0,0.5,-0.5,0.5,-0.5
1.2336092,positive_lateral_command,0.5,0.10652350634336472,0.10652350634336472,0.0,0.06431099772453308,-4.0,0.0,0.0,0.0,0.0,0.5,-0.5,0.5,-0.5
1.2670777000000006,positive_lateral_command,0.5,0.0875525251030922,0.0875525251030922,0.0,0.06716616451740265,-4.0,0.0,0.0,0.0,0.0,0.5,-0.5,0.5,-0.5
1.3003955999999999,positive_lateral_command,0.5,0.047489233314991,0.047489233314991,0.0,0.07005701214075089,-4.0,0.0,0.0,0.0,0.0,0.5,-0.5,0.5,-0.5
1.3336255000000001,positive_lateral_command,0.5,0.06173427030444145,0.06173427030444145,0.0,0.07298232614994049,-4.0,0.0,0.0,0.0,0.0,0.5,-0.5,0.5,-0.5
1.3671422,positive_lateral_command,0.5,0.12755164504051208,0.12755164504051208,0.0,0.07594092190265656,-4.0,0.0,0.0,0.0,0.0,0.5,-0.5,0.5,-0.5
1.4004513000000003,positive_lateral_command,0.5,0.050067562609910965,0.050067562609910965,0.0,0.07893165946006775,-4.0,0.0,0.0,0.0,0.0,0.5,-0.5,0.5,-0.5
1.4336843000000004,positive_lateral_command,0.5,0.06608648598194122,0.06608648598194122,0.0,0.08195343613624573,-4.0,0.0,0.0,0.0,0.0,0.5,-0.5,0.5,-0.5
1.4670739,positive_lateral_command,0.5,0.10745259374380112,0.10745259374380112,0.0,0.08500520139932632,-4.0,0.0,0.0,0.0,0.0,0.5,-0.5,0.5,-0.5
1.5003075,positive_lateral_command,0.5,0.10269385576248169,0.10269385576248169,0.0,0.08808591961860657,-4.0,0.0,0.0,0.0,0.0,0.5,-0.5,0.5,-0.5
1.5336163000000003,positive_lateral_command,0.5,0.0848473310470581,0.0848473310470581,0.0,0.09119459986686707,-4.0,0.0,0.0,0.0,0.0,0.5,-0.5,0.5,-0.5
1.5670000000000002,positive_lateral_command,0.5,0.1191587969660759,0.1191587969660759,0.0,0.09433028101921082,-4.0,0.0,0.0,0.0,0.0,0.5,-0.5,0.5,-0.5
1.6004488000000006,positive_lateral_command,0.5,0.0539587028324604,0.0539587028324604,0.0,0.0974920466542244,-4.0,0.0,0.0,0.0,0.0,0.5,-0.5,0.5,-0.5
1.6337471,positive_lateral_command,0.5,0.08436595648527145,0.08436595648527145,0.0,0.10067898780107498,-4.0,0.0,0.0,0.0,0.0,0.5,-0.5,0.5,-0.5
1.6671367000000004,positive_lateral_command,0.5,0.13819806277751923,0.13819806277751923,0.0,0.10389025509357452,-4.0,0.0,0.0,0.0,0.0,0.5,-0.5,0.5,-0.5
1.7004416000000004,positive_lateral_command,0.5,0.11554799973964691,0.11554799973964691,0.0,0.10712500661611557,-4.0,0.0,0.0,0.0,0.0,0.5,-0.5,0.5,-0.5
1.7337308,positive_lateral_command,0.5,0.08441676944494247,0.08441676944494247,0.0,0.11038244515657425,-4.0,0.0,0.0,0.0,0.0,0.5,-0.5,0.5,-0.5
1.7670965,positive_lateral_command,0.5,0.07518232613801956,0.07518232613801956,0.0,0.11366178095340729,-4.0,0.0,0.0,0.0,0.0,0.5,-0.5,0.5,-0.5
1.8003748000000002,positive_lateral_command,0.5,0.06982450187206268,0.06982450187206268,0.0,0.11696226894855499,-4.0,0.0,0.0,0.0,0.0,0.5,-0.5,0.5,-0.5
1.8337699,positive_lateral_command,0.5,0.11437729746103287,0.11437729746103287,0.0,0.12028317898511887,-4.0,0.0,0.0,0.0,0.0,0.5,-0.5,0.5,-0.5
1.8670724000000005,positive_lateral_command,0.5,0.14111335575580597,0.14111335575580597,0.0,0.1236238181591034,-4.0,0.0,0.0,0.0,0.0,0.5,-0.5,0.5,-0.5
1.9004327000000005,positive_lateral_command,0.5,0.14520873129367828,0.14520873129367828,0.0,0.12698349356651306,-4.0,0.0,0.0,0.0,0.0,0.5,-0.5,0.5,-0.5
1.9338090000000001,positive_lateral_command,0.5,0.10459160804748535,0.10459160804748535,0.0,0.13036157190799713,-4.0,0.0,0.0,0.0,0.0,0.5,-0.5,0.5,-0.5
1.9671037,positive_lateral_command,0.5,0.11534801870584488,0.11534801870584488,0.0,0.13375741243362427,-4.0,0.0,0.0,0.0,0.0,0.5,-0.5,0.5,-0.5
2.0005015999999998,positive_lateral_command,0.5,0.07063000649213791,0.07063000649213791,0.0,0.13717038929462433,-4.0,0.0,0.0,0.0,0.0,0.5,-0.5,0.5,-0.5
2.0338139,positive_lateral_command,0.5,0.06892317533493042,0.06892317533493042,0.0,0.14059993624687195,-4.0,0.0,0.0,0.0,0.0,0.5,-0.5,0.5,-0.5
2.0671532,positive_lateral_command,0.5,0.07723402976989746,0.07723402976989746,0.0,0.14404547214508057,-4.0,0.0,0.0,0.0,0.0,0.5,-0.5,0.5,-0.5
2.1004378,positive_lateral_command,0.5,0.07060779631137848,0.07060779631137848,0.0,0.1475064605474472,-4.0,0.0,0.0,0.0,0.0,0.5,-0.5,0.5,-0.5
2.133959000000001,positive_lateral_command,0.5,0.05861750245094299,0.05861750245094299,0.0,0.1509823501110077,-4.0,0.0,0.0,0.0,0.0,0.5,-0.5,0.5,-0.5
2.1671739,positive_lateral_command,0.5,0.09372198581695557,0.09372198581695557,0.0,0.15447263419628143,-4.0,0.0,0.0,0.0,0.0,0.5,-0.5,0.5,-0.5
2.2005104000000006,positive_lateral_command,0.5,0.06304996460676193,0.06304996460676193,0.0,0.15797683596611023,-4.0,0.0,0.0,0.0,0.0,0.5,-0.5,0.5,-0.5
2.2338585,positive_lateral_command,0.5,0.10839197039604187,0.10839197039604187,0.0,0.1614944487810135,-4.0,0.0,0.0,0.0,0.0,0.5,-0.5,0.5,-0.5
2.267214000000001,positive_lateral_command,0.5,0.10615937411785126,0.10615937411785126,0.0,0.1650250405073166,-4.0,0.0,0.0,0.0,0.0,0.5,-0.5,0.5,-0.5
2.300499500000001,positive_lateral_command,0.5,0.0774180069565773,0.0774180069565773,0.0,0.16856813430786133,-4.0,0.0,0.0,0.0,0.0,0.5,-0.5,0.5,-0.5
2.3339359999999996,positive_lateral_command,0.5,0.11530283093452454,0.11530283093452454,0.0,0.17212332785129547,-4.0,0.0,0.0,0.0,0.0,0.5,-0.5,0.5,-0.5
2.3673041999999995,positive_lateral_command,0.5,0.11466643214225769,0.11466643214225769,0.0,0.1756901890039444,-4.0,0.0,0.0,0.0,0.0,0.5,-0.5,0.5,-0.5
2.4005142,positive_lateral_command,0.5,0.1556236296892166,0.1556236296892166,0.0,0.17926831543445587,-4.0,0.0,0.0,0.0,0.0,0.5,-0.5,0.5,-0.5
2.4338937000000005,positive_lateral_command,0.5,0.16416071355342865,0.16416071355342865,0.0,0.18285733461380005,-4.0,0.0,0.0,0.0,0.0,0.5,-0.5,0.5,-0.5
2.4671839,positive_lateral_command,0.5,0.1402839720249176,0.1402839720249176,0.0,0.1864568442106247,-4.0,0.0,0.0,0.0,0.0,0.5,-0.5,0.5,-0.5
2.5006524,positive_lateral_command,0.5,0.09699282050132751,0.09699282050132751,0.0,0.19006651639938354,-4.0,0.0,0.0,0.0,0.0,0.5,-0.5,0.5,-0.5
2.534035900000001,positive_lateral_command,0.5,0.07020033150911331,0.07020033150911331,0.0,0.19368597865104675,-4.0,0.0,0.0,0.0,0.0,0.5,-0.5,0.5,-0.5
2.5673557000000002,positive_lateral_command,0.5,0.09714207798242569,0.09714207798242569,0.0,0.19731490314006805,-4.0,0.0,0.0,0.0,0.0,0.5,-0.5,0.5,-0.5
2.6005888000000006,positive_lateral_command,0.5,0.057497285306453705,0.057497285306453705,0.0,0.20095294713974,-4.0,0.0,0.0,0.0,0.0,0.5,-0.5,0.5,-0.5
2.6340661,positive_lateral_command,0.5,0.12371624261140823,0.12371624261140823,0.0,0.20459982752799988,-4.0,0.0,0.0,0.0,0.0,0.5,-0.5,0.5,-0.5
2.6672644000000005,positive_lateral_command,0.5,0.050686873495578766,0.050686873495578766,0.0,0.20825521647930145,-4.0,0.0,0.0,0.0,0.0,0.5,-0.5,0.5,-0.5
2.7006578,positive_lateral_command,0.5,0.1163104698061943,0.1163104698061943,0.0,0.21191883087158203,-4.0,0.0,0.0,0.0,0.0,0.5,-0.5,0.5,-0.5
2.7339953999999995,positive_lateral_command,0.5,0.10609468817710876,0.10609468817710876,0.0,0.21559038758277893,-4.0,0.0,0.0,0.0,0.0,0.5,-0.5,0.5,-0.5
2.7672945999999996,positive_lateral_command,0.5,0.11351354420185089,0.11351354420185089,0.0,0.21926960349082947,-4.0,0.0,0.0,0.0,0.0,0.5,-0.5,0.5,-0.5
2.8007247999999993,positive_lateral_command,0.5,0.06829970329999924,0.06829970329999924,0.0,0.22295621037483215,-4.0,0.0,0.0,0.0,0.0,0.5,-0.5,0.5,-0.5
2.8339862999999994,positive_lateral_command,0.5,0.16194383800029755,0.16194383800029755,0.0,0.22664998471736908,-4.0,0.0,0.0,0.0,0.0,0.5,-0.5,0.5,-0.5
2.8673724000000007,positive_lateral_command,0.5,0.07842043042182922,0.07842043042182922,0.0,0.23035064339637756,-4.0,0.0,0.0,0.0,0.0,0.5,-0.5,0.5,-0.5
2.900692600000001,positive_lateral_command,0.5,0.04065856710076332,0.04065856710076332,0.0,0.2340579777956009,-4.0,0.0,0.0,0.0,0.0,0.5,-0.5,0.5,-0.5
2.934102900000001,positive_lateral_command,0.5,0.07525704801082611,0.07525704801082611,0.0,0.23777174949645996,-4.0,0.0,0.0,0.0,0.0,0.5,-0.5,0.5,-0.5
2.9673216999999994,positive_lateral_command,0.5,0.14075836539268494,0.14075836539268494,0.0,0.24149172008037567,-4.0,0.0,0.0,0.0,0.0,0.5,-0.5,0.5,-0.5
3.000721500000001,positive_lateral_command,0.5,0.15069584548473358,0.15069584548473358,0.0,0.2452176958322525,-4.0,0.0,0.0,0.0,0.0,0.5,-0.5,0.5,-0.5
3.0340556999999997,positive_lateral_command,0.5,0.0870506688952446,0.0870506688952446,0.0,0.24894945323467255,-4.0,0.0,0.0,0.0,0.0,0.5,-0.5,0.5,-0.5
3.0673884000000005,positive_lateral_command,0.5,0.04034028202295303,0.04034028202295303,0.0,0.2526867985725403,-4.0,0.0,0.0,0.0,0.0,0.5,-0.5,0.5,-0.5
3.1008417999999995,positive_lateral_command,0.5,0.06358582526445389,0.06358582526445389,0.0,0.2564295530319214,-4.0,0.0,0.0,0.0,0.0,0.5,-0.5,0.5,-0.5
3.1340883,positive_lateral_command,0.5,0.14759893715381622,0.14759893715381622,0.0,0.26017752289772034,-4.0,0.0,0.0,0.0,0.0,0.5,-0.5,0.5,-0.5
3.1674114000000007,positive_lateral_command,0.5,0.10614670068025589,0.10614670068025589,0.0,0.2639305293560028,-4.0,0.0,0.0,0.0,0.0,0.5,-0.5,0.5,-0.5
3.2007411,positive_lateral_command,0.5,0.1585412621498108,0.1585412621498108,0.0,0.2676883935928345,-4.0,0.0,0.0,0.0,0.0,0.5,-0.5,0.5,-0.5
3.2340874,positive_lateral_command,0.5,0.06158340722322464,0.06158340722322464,0.0,0.271450936794281,-4.0,0.0,0.0,0.0,0.0,0.5,-0.5,0.5,-0.5
3.267353700000001,positive_lateral_command,0.5,0.06962450593709946,0.06962450593709946,0.0,0.27521800994873047,-4.0,0.0,0.0,0.0,0.0,0.5,-0.5,0.5,-0.5
3.3007635000000004,positive_lateral_command,0.5,0.11773552745580673,0.11773552745580673,0.0,0.2789894640445709,-4.0,0.0,0.0,0.0,0.0,0.5,-0.5,0.5,-0.5
3.334086900000001,positive_lateral_command,0.5,0.09466640651226044,0.09466640651226044,0.0,0.28276515007019043,-4.0,0.0,0.0,0.0,0.0,0.5,-0.5,0.5,-0.5
3.3675034999999998,positive_lateral_command,0.5,0.16407325863838196,0.16407325863838196,0.0,0.28654491901397705,-4.0,0.0,0.0,0.0,0.0,0.5,-0.5,0.5,-0.5
3.4007962999999997,positive_lateral_command,0.5,0.1556665450334549,0.1556665450334549,0.0,0.29032862186431885,-4.0,0.0,0.0,0.0,0.0,0.5,-0.5,0.5,-0.5
3.4341363000000005,positive_lateral_command,0.5,0.16875655949115753,0.16875655949115753,0.0,0.2941161096096039,-4.0,0.0,0.0,0.0,0.0,0.5,-0.5,0.5,-0.5
3.467536000000001,positive_lateral_command,0.5,0.09617612510919571,0.09617612510919571,0.0,0.2979072630405426,-4.0,0.0,0.0,0.0,0.0,0.5,-0.5,0.5,-0.5
3.5009508,positive_lateral_command,0.5,0.10207587480545044,0.10207587480545044,0.0,0.30170199275016785,-4.0,0.0,0.0,0.0,0.0,0.5,-0.5,0.5,-0.5
3.5341737,positive_lateral_command,0.5,0.14914415776729584,0.14914415776729584,0.0,0.3055001199245453,-4.0,0.0,0.0,0.0,0.0,0.5,-0.5,0.5,-0.5
3.5675174,positive_lateral_command,0.5,0.0759514570236206,0.0759514570236206,0.0,0.30930155515670776,-4.0,0.0,0.0,0.0,0.0,0.5,-0.5,0.5,-0.5
3.6008984,positive_lateral_command,0.5,0.11089905351400375,0.11089905351400375,0.0,0.3131061792373657,-4.0,0.0,0.0,0.0,0.0,0.5,-0.5,0.5,-0.5
3.6341684999999995,positive_lateral_command,0.5,0.15462416410446167,0.15462416410446167,0.0,0.3169138729572296,-4.0,0.0,0.0,0.0,0.0,0.5,-0.5,0.5,-0.5
3.6675629999999995,positive_lateral_command,0.5,0.15135326981544495,0.15135326981544495,0.0,0.32072457671165466,-4.0,0.0,0.0,0.0,0.0,0.5,-0.5,0.5,-0.5
3.701009000000001,positive_lateral_command,0.5,0.08530319482088089,0.08530319482088089,0.0,0.32453811168670654,-4.0,0.0,0.0,0.0,0.0,0.5,-0.5,0.5,-0.5
3.7342511,positive_lateral_command,0.5,0.03138396143913269,0.03138396143913269,0.0,0.32835444808006287,-4.0,0.0,0.0,0.0,0.0,0.5,-0.5,0.5,-0.5
3.7675643999999995,positive_lateral_command,0.5,0.184159517288208,0.184159517288208,0.0,0.3321734368801117,-4.0,0.0,0.0,0.0,0.0,0.5,-0.5,0.5,-0.5
3.8009468999999996,positive_lateral_command,0.5,0.0810108333826065,0.0810108333826065,0.0,0.33599501848220825,-4.0,0.0,0.0,0.0,0.0,0.5,-0.5,0.5,-0.5
3.8343512000000004,positive_lateral_command,0.5,0.11766928434371948,0.11766928434371948,0.0,0.3398191034793854,-4.0,0.0,0.0,0.0,0.0,0.5,-0.5,0.5,-0.5
3.8676315,positive_lateral_command,0.5,0.12368834018707275,0.12368834018707275,0.0,0.3436456024646759,-4.0,0.0,0.0,0.0,0.0,0.5,-0.5,0.5,-0.5
3.9008745000000005,positive_lateral_command,0.5,0.09730755537748337,0.09730755537748337,0.0,0.3474743962287903,-4.0,0.0,0.0,0.0,0.0,0.5,-0.5,0.5,-0.5
3.9341858,positive_lateral_command,0.5,0.10554951429367065,0.10554951429367065,0.0,0.35130545496940613,-4.0,0.0,0.0,0.0,0.0,0.5,-0.5,0.5,-0.5
3.9675417999999993,positive_lateral_command,0.5,0.12540201842784882,0.12540201842784882,0.0,0.3551386892795563,-4.0,0.0,0.0,0.0,0.0,0.5,-0.5,0.5,-0.5
4.000973200000001,positive_lateral_command,0.5,0.14856833219528198,0.14856833219528198,0.0,0.35897400975227356,-4.0,0.0,0.0,0.0,0.0,0.5,-0.5,0.5,-0.5
4.0342298,positive_lateral_command,0.5,0.14847657084465027,0.14847657084465027,0.0,0.3628113567829132,-4.0,0.0,0.0,0.0,0.0,0.5,-0.5,0.5,-0.5
4.0675609999999995,positive_lateral_command,0.5,0.07363148033618927,0.07363148033618927,0.0,0.36665064096450806,-4.0,0.0,0.0,0.0,0.0,0.5,-0.5,0.5,-0.5
4.1009662,positive_lateral_command,0.5,0.07846494764089584,0.07846494764089584,0.0,0.3704918324947357,-4.0,0.0,0.0,0.0,0.0,0.5,-0.5,0.5,-0.5
4.1343078,positive_lateral_command,0.5,0.11299014091491699,0.11299014091491699,0.0,0.37433484196662903,-4.0,0.0,0.0,0.0,0.0,0.5,-0.5,0.5,-0.5
4.1676824,positive_lateral_command,0.5,0.10291984677314758,0.10291984677314758,0.0,0.3781795799732208,-4.0,0.0,0.0,0.0,0.0,0.5,-0.5,0.5,-0.5
4.2009468000000005,positive_lateral_command,0.5,0.12430637329816818,0.12430637329816818,0.0,0.3820260465145111,-4.0,0.0,0.0,0.0,0.0,0.5,-0.5,0.5,-0.5
4.234387100000001,positive_lateral_command,0.5,0.16469106078147888,0.16469106078147888,0.0,0.3858741223812103,-4.0,0.0,0.0,0.0,0.0,0.5,-0.5,0.5,-0.5
4.2676455,positive_lateral_command,0.5,0.10247714817523956,0.10247714817523956,0.0,0.3897238075733185,-4.0,0.0,0.0,0.0,0.0,0.5,-0.5,0.5,-0.5
4.3010012,positive_lateral_command,0.5,0.13681890070438385,0.13681890070438385,0.0,0.393574982881546,-4.0,0.0,0.0,0.0,0.0,0.5,-0.5,0.5,-0.5
4.334326900000001,positive_lateral_command,0.5,0.09973380714654922,0.09973380714654922,0.0,0.39742764830589294,-4.0,0.0,0.0,0.0,0.0,0.5,-0.5,0.5,-0.5
4.3676873,positive_lateral_command,0.5,0.14018163084983826,0.14018163084983826,0.0,0.4012817442417145,-4.0,0.0,0.0,0.0,0.0,0.5,-0.5,0.5,-0.5
4.401070499999999,positive_lateral_command,0.5,0.16415005922317505,0.16415005922317505,0.0,0.40513721108436584,-4.0,0.0,0.0,0.0,0.0,0.5,-0.5,0.5,-0.5
4.434419699999999,positive_lateral_command,0.5,0.06868670880794525,0.06868670880794525,0.0,0.40899401903152466,-4.0,0.0,0.0,0.0,0.0,0.5,-0.5,0.5,-0.5
4.467723599999999,positive_lateral_command,0.5,0.10241048783063889,0.10241048783063889,0.0,0.41285207867622375,-4.0,0.0,0.0,0.0,0.0,0.5,-0.5,0.5,-0.5
4.501106699999999,positive_lateral_command,0.5,0.07276235520839691,0.07276235520839691,0.0,0.41671139001846313,-4.0,0.0,0.0,0.0,0.0,0.5,-0.5,0.5,-0.5
4.5344216,positive_lateral_command,0.5,0.11071376502513885,0.11071376502513885,0.0,0.420571893453598,-4.0,0.0,0.0,0.0,0.0,0.5,-0.5,0.5,-0.5
4.567716600000001,positive_lateral_command,0.5,0.16838441789150238,0.16838441789150238,0.0,0.42443355917930603,-4.0,0.0,0.0,0.0,0.0,0.5,-0.5,0.5,-0.5
4.6011142,positive_lateral_command,0.5,0.15541762113571167,0.15541762113571167,0.0,0.4282963275909424,-4.0,0.0,0.0,0.0,0.0,0.5,-0.5,0.5,-0.5
4.634444200000001,positive_lateral_command,0.5,0.09076795727014542,0.09076795727014542,0.0,0.4321601688861847,-4.0,0.0,0.0,0.0,0.0,0.5,-0.5,0.5,-0.5
4.667771500000001,positive_lateral_command,0.5,0.10366258770227432,0.10366258770227432,0.0,0.43602505326271057,-4.0,0.0,0.0,0.0,0.0,0.5,-0.5,0.5,-0.5
4.7011289000000005,positive_lateral_command,0.5,0.13023199141025543,0.13023199141025543,0.0,0.43989095091819763,-4.0,0.0,0.0,0.0,0.0,0.5,-0.5,0.5,-0.5
4.7344659,positive_lateral_command,0.5,0.13738782703876495,0.13738782703876495,0.0,0.4437578022480011,-4.0,0.0,0.0,0.0,0.0,0.5,-0.5,0.5,-0.5
4.767768800000001,positive_lateral_command,0.5,0.11755366623401642,0.11755366623401642,0.0,0.4476255774497986,-4.0,0.0,0.0,0.0,0.0,0.5,-0.5,0.5,-0.5
4.801232300000001,positive_lateral_command,0.5,0.13409356772899628,0.13409356772899628,0.0,0.4514942467212677,-4.0,0.0,0.0,0.0,0.0,0.5,-0.5,0.5,-0.5
4.8344892,positive_lateral_command,0.5,0.20058099925518036,0.20058099925518036,0.0,0.45536381006240845,-4.0,0.0,0.0,0.0,0.0,0.5,-0.5,0.5,-0.5
4.8678413,positive_lateral_command,0.5,0.08913776278495789,0.08913776278495789,0.0,0.45923420786857605,-4.0,0.0,0.0,0.0,0.0,0.5,-0.5,0.5,-0.5
4.9011254,positive_lateral_command,0.5,0.09299047291278839,0.09299047291278839,0.0,0.4631054103374481,-4.0,0.0,0.0,0.0,0.0,0.5,-0.5,0.5,-0.5
4.934484900000001,positive_lateral_command,0.5,0.12160702794790268,0.12160702794790268,0.0,0.46697741746902466,-4.0,0.0,0.0,0.0,0.0,0.5,-0.5,0.5,-0.5
4.9678652,positive_lateral_command,0.5,0.12457320094108582,0.12457320094108582,0.0,0.4708501696586609,-4.0,0.0,0.0,0.0,0.0,0.5,-0.5,0.5,-0.5
5.001253800000001,positive_lateral_command,0.5,0.07342380285263062,0.07342380285263062,0.0,0.4747236371040344,-4.0,0.0,0.0,0.0,0.0,0.5,-0.5,0.5,-0.5
5.034495700000001,negative_lateral_command,-0.5,0.041802968829870224,0.041802968829870224,0.0,0.47833365201950073,-4.0,0.0,0.0,0.0,0.0,-0.5,0.5,-0.5,0.5
5.0678667,negative_lateral_command,-0.5,0.07590663433074951,0.07590663433074951,0.0,0.4816892743110657,-4.0,0.0,0.0,0.0,0.0,-0.5,0.5,-0.5,0.5
5.1011931,negative_lateral_command,-0.5,0.1301649808883667,0.1301649808883667,0.0,0.48479926586151123,-4.0,0.0,0.0,0.0,0.0,-0.5,0.5,-0.5,0.5
5.1345788,negative_lateral_command,-0.5,0.04878823831677437,0.04878823831677437,0.0,0.4876720607280731,-4.0,0.0,0.0,0.0,0.0,-0.5,0.5,-0.5,0.5
5.1678365,negative_lateral_command,-0.5,0.13207989931106567,0.13207989931106567,0.0,0.4903157651424408,-4.0,0.0,0.0,0.0,0.0,-0.5,0.5,-0.5,0.5
5.2011927,negative_lateral_command,-0.5,0.06391571462154388,0.06391571462154388,0.0,0.49273818731307983,-4.0,0.0,0.0,0.0,0.0,-0.5,0.5,-0.5,0.5
5.234600200000001,negative_lateral_command,-0.5,0.09793125092983246,0.09793125092983246,0.0,0.4949468970298767,-4.0,0.0,0.0,0.0,0.0,-0.5,0.5,-0.5,0.5
5.2679262,negative_lateral_command,-0.5,0.037309467792510986,0.037309467792510986,0.0,0.496949166059494,-4.0,0.0,0.0,0.0,0.0,-0.5,0.5,-0.5,0.5
5.301202,negative_lateral_command,-0.5,0.06852176040410995,0.06852176040410995,0.0,0.49875199794769287,-4.0,0.0,0.0,0.0,0.0,-0.5,0.5,-0.5,0.5
5.334516900000001,negative_lateral_command,-0.5,0.016496125608682632,0.016496125608682632,0.0,0.5003621578216553,-4.0,0.0,0.0,0.0,0.0,-0.5,0.5,-0.5,0.5
5.3678585000000005,negative_lateral_command,-0.5,0.038891520351171494,0.038891520351171494,0.0,0.5017862319946289,-4.0,0.0,0.0,0.0,0.0,-0.5,0.5,-0.5,0.5
5.4013008,negative_lateral_command,-0.5,0.044114869087934494,0.044114869087934494,0.0,0.5030303597450256,-4.0,0.0,0.0,0.0,0.0,-0.5,0.5,-0.5,0.5
5.434779499999999,negative_lateral_command,-0.5,0.03295784071087837,0.03295784071087837,0.0,0.5041007399559021,-4.0,0.0,0.0,0.0,0.0,-0.5,0.5,-0.5,0.5
5.467953700000001,negative_lateral_command,-0.5,-0.0074587054550647736,-0.0074587054550647736,0.0,0.5050031542778015,-4.0,0.0,0.0,0.0,0.0,-0.5,0.5,-0.5,0.5
5.5012954,negative_lateral_command,-0.5,-0.002705079037696123,-0.002705079037696123,0.0,0.5057433247566223,-4.0,0.0,0.0,0.0,0.0,-0.5,0.5,-0.5,0.5
5.5346876,negative_lateral_command,-0.5,0.019365007057785988,0.019365007057785988,0.0,0.5063266158103943,-4.0,0.0,0.0,0.0,0.0,-0.5,0.5,-0.5,0.5
5.5679549,negative_lateral_command,-0.5,0.07861396670341492,0.07861396670341492,0.0,0.5067583918571472,-4.0,0.0,0.0,0.0,0.0,-0.5,0.5,-0.5,0.5
5.601410700000001,negative_lateral_command,-0.5,-0.008996161632239819,-0.008996161632239819,0.0,0.5070436000823975,-4.0,0.0,0.0,0.0,0.0,-0.5,0.5,-0.5,0.5
5.634643500000001,negative_lateral_command,-0.5,-0.04189980402588844,-0.04189980402588844,0.0,0.5071872472763062,-4.0,0.0,0.0,0.0,0.0,-0.5,0.5,-0.5,0.5
5.6679464,negative_lateral_command,-0.5,0.011983736418187618,0.011983736418187618,0.0,0.5071939826011658,-4.0,0.0,0.0,0.0,0.0,-0.5,0.5,-0.5,0.5
5.7013186000000005,negative_lateral_command,-0.5,-0.07118634134531021,-0.07118634134531021,0.0,0.507068395614624,-4.0,0.0,0.0,0.0,0.0,-0.5,0.5,-0.5,0.5
5.734706000000001,negative_lateral_command,-0.5,-0.018151303753256798,-0.018151303753256798,0.0,0.5068149566650391,-4.0,0.0,0.0,0.0,0.0,-0.5,0.5,-0.5,0.5
5.768079200000001,negative_lateral_command,-0.5,0.035470884293317795,0.035470884293317795,0.0,0.5064378976821899,-4.0,0.0,0.0,0.0,0.0,-0.5,0.5,-0.5,0.5
5.801435400000001,negative_lateral_command,-0.5,-0.060487523674964905,-0.060487523674964905,0.0,0.5059412717819214,-4.0,0.0,0.0,0.0,0.0,-0.5,0.5,-0.5,0.5
5.834801500000001,negative_lateral_command,-0.5,0.06335235387086868,0.06335235387086868,0.0,0.5053292512893677,-4.0,0.0,0.0,0.0,0.0,-0.5,0.5,-0.5,0.5
5.868099600000001,negative_lateral_command,-0.5,-0.05961081385612488,-0.05961081385612488,0.0,0.5046055316925049,-4.0,0.0,0.0,0.0,0.0,-0.5,0.5,-0.5,0.5
5.9014244,negative_lateral_command,-0.5,-0.005057937931269407,-0.005057937931269407,0.0,0.5037739276885986,-4.0,0.0,0.0,0.0,0.0,-0.5,0.5,-0.5,0.5
5.9348049,negative_lateral_command,-0.5,-0.013500967063009739,-0.013500967063009739,0.0,0.502838134765625,-4.0,0.0,0.0,0.0,0.0,-0.5,0.5,-0.5,0.5
5.968093400000001,negative_lateral_command,-0.5,-0.08949857950210571,-0.08949857950210571,0.0,0.5018014907836914,-4.0,0.0,0.0,0.0,0.0,-0.5,0.5,-0.5,0.5
6.0015336,negative_lateral_command,-0.5,-0.0634593591094017,-0.0634593591094017,0.0,0.5006675720214844,-4.0,0.0,0.0,0.0,0.0,-0.5,0.5,-0.5,0.5
6.0347752,negative_lateral_command,-0.5,0.01693434827029705,0.01693434827029705,0.0,0.4994394779205322,-4.0,0.0,0.0,0.0,0.0,-0.5,0.5,-0.5,0.5
6.068095899999999,negative_lateral_command,-0.5,-0.09692379832267761,-0.09692379832267761,0.0,0.49812051653862,-4.0,0.0,0.0,0.0,0.0,-0.5,0.5,-0.5,0.5
6.101447,negative_lateral_command,-0.5,-0.12409929931163788,-0.12409929931163788,0.0,0.49671366810798645,-4.0,0.0,0.0,0.0,0.0,-0.5,0.5,-0.5,0.5
6.1348067,negative_lateral_command,-0.5,-0.0010834205895662308,-0.0010834205895662308,0.0,0.49522194266319275,-4.0,0.0,0.0,0.0,0.0,-0.5,0.5,-0.5,0.5
6.1682404,negative_lateral_command,-0.5,-0.0003790849004872143,-0.0003790849004872143,0.0,0.4936482012271881,-4.0,0.0,0.0,0.0,0.0,-0.5,0.5,-0.5,0.5
6.201511,negative_lateral_command,-0.5,-0.08301252871751785,-0.08301252871751785,0.0,0.4919951856136322,-4.0,0.0,0.0,0.0,0.0,-0.5,0.5,-0.5,0.5
6.2347962,negative_lateral_command,-0.5,-0.10426624864339828,-0.10426624864339828,0.0,0.4902656078338623,-4.0,0.0,0.0,0.0,0.0,-0.5,0.5,-0.5,0.5
6.268095000000001,negative_lateral_command,-0.5,-0.0931054949760437,-0.0931054949760437,0.0,0.48846206068992615,-4.0,0.0,0.0,0.0,0.0,-0.5,0.5,-0.5,0.5
6.3014419,negative_lateral_command,-0.5,-0.05431092157959938,-0.05431092157959938,0.0,0.4865870475769043,-4.0,0.0,0.0,0.0,0.0,-0.5,0.5,-0.5,0.5
6.3348428000000006,negative_lateral_command,-0.5,-0.0139381755143404,-0.0139381755143404,0.0,0.48464295268058777,-4.0,0.0,0.0,0.0,0.0,-0.5,0.5,-0.5,0.5
6.3681839,negative_lateral_command,-0.5,-0.12107027322053909,-0.12107027322053909,0.0,0.4826321601867676,-4.0,0.0,0.0,0.0,0.0,-0.5,0.5,-0.5,0.5
6.4016258,negative_lateral_command,-0.5,-0.032314151525497437,-0.032314151525497437,0.0,0.4805569052696228,-4.0,0.0,0.0,0.0,0.0,-0.5,0.5,-0.5,0.5
6.4348738,negative_lateral_command,-0.5,-0.0464138463139534,-0.0464138463139534,0.0,0.47841939330101013,-4.0,0.0,0.0,0.0,0.0,-0.5,0.5,-0.5,0.5
6.4682455,negative_lateral_command,-0.5,-0.07850766181945801,-0.07850766181945801,0.0,0.4762217700481415,-4.0,0.0,0.0,0.0,0.0,-0.5,0.5,-0.5,0.5
6.5015517,negative_lateral_command,-0.5,-0.11274747550487518,-0.11274747550487518,0.0,0.47396600246429443,-4.0,0.0,0.0,0.0,0.0,-0.5,0.5,-0.5,0.5
6.5348649000000005,negative_lateral_command,-0.5,-0.0583973154425621,-0.0583973154425621,0.0,0.47165414690971375,-4.0,0.0,0.0,0.0,0.0,-0.5,0.5,-0.5,0.5
6.568215,negative_lateral_command,-0.5,-0.07382609695196152,-0.07382609695196152,0.0,0.46928805112838745,-4.0,0.0,0.0,0.0,0.0,-0.5,0.5,-0.5,0.5
6.6015523,negative_lateral_command,-0.5,-0.0467587411403656,-0.0467587411403656,0.0,0.466869592666626,-4.0,0.0,0.0,0.0,0.0,-0.5,0.5,-0.5,0.5
6.6349114,negative_lateral_command,-0.5,-0.08537383377552032,-0.08537383377552032,0.0,0.4644005298614502,-4.0,0.0,0.0,0.0,0.0,-0.5,0.5,-0.5,0.5
6.6681934,negative_lateral_command,-0.5,-0.09450171142816544,-0.09450171142816544,0.0,0.461882621049881,-4.0,0.0,0.0,0.0,0.0,-0.5,0.5,-0.5,0.5
6.701566,negative_lateral_command,-0.5,-0.015457403846085072,-0.015457403846085072,0.0,0.45931750535964966,-4.0,0.0,0.0,0.0,0.0,-0.5,0.5,-0.5,0.5
6.7348959,negative_lateral_command,-0.5,-0.08234342932701111,-0.08234342932701111,0.0,0.45670682191848755,-4.0,0.0,0.0,0.0,0.0,-0.5,0.5,-0.5,0.5
6.7683064,negative_lateral_command,-0.5,-0.016517722979187965,-0.016517722979187965,0.0,0.4540520906448364,-4.0,0.0,0.0,0.0,0.0,-0.5,0.5,-0.5,0.5
6.801735900000001,negative_lateral_command,-0.5,-0.0681488960981369,-0.0681488960981369,0.0,0.45135483145713806,-4.0,0.0,0.0,0.0,0.0,-0.5,0.5,-0.5,0.5
6.8349808,negative_lateral_command,-0.5,-0.10220400243997574,-0.10220400243997574,0.0,0.44861650466918945,-4.0,0.0,0.0,0.0,0.0,-0.5,0.5,-0.5,0.5
6.8684042000000005,negative_lateral_command,-0.5,-0.1662321537733078,-0.1662321537733078,0.0,0.44583848118782043,-4.0,0.0,0.0,0.0,0.0,-0.5,0.5,-0.5,0.5
6.901619500000001,negative_lateral_command,-0.5,-0.12014288455247879,-0.12014288455247879,0.0,0.4430221617221832,-4.0,0.0,0.0,0.0,0.0,-0.5,0.5,-0.5,0.5
6.934998200000001,negative_lateral_command,-0.5,-0.1029956191778183,-0.1029956191778183,0.0,0.4401687979698181,-4.0,0.0,0.0,0.0,0.0,-0.5,0.5,-0.5,0.5
6.9683261000000005,negative_lateral_command,-0.5,-0.055846042931079865,-0.055846042931079865,0.0,0.43727973103523254,-4.0,0.0,0.0,0.0,0.0,-0.5,0.5,-0.5,0.5
7.001658600000001,negative_lateral_command,-0.5,-0.12583737075328827,-0.12583737075328827,0.0,0.43435612320899963,-4.0,0.0,0.0,0.0,0.0,-0.5,0.5,-0.5,0.5
7.035040200000001,negative_lateral_command,-0.5,-0.10330141335725784,-0.10330141335725784,0.0,0.4313991665840149,-4.0,0.0,0.0,0.0,0.0,-0.5,0.5,-0.5,0.5
7.0684313,negative_lateral_command,-0.5,-0.14960865676403046,-0.14960865676403046,0.0,0.42841002345085144,-4.0,0.0,0.0,0.0,0.0,-0.5,0.5,-0.5,0.5
7.1017508,negative_lateral_command,-0.5,-0.11586246639490128,-0.11586246639490128,0.0,0.42538976669311523,-4.0,0.0,0.0,0.0,0.0,-0.5,0.5,-0.5,0.5
7.1350146,negative_lateral_command,-0.5,-0.08064335584640503,-0.08064335584640503,0.0,0.42233946919441223,-4.0,0.0,0.0,0.0,0.0,-0.5,0.5,-0.5,0.5
7.1683743,negative_lateral_command,-0.5,-0.08994834870100021,-0.08994834870100021,0.0,0.4192602038383484,-4.0,0.0,0.0,0.0,0.0,-0.5,0.5,-0.5,0.5
7.2017568999999995,negative_lateral_command,-0.5,-0.09347676485776901,-0.09347676485776901,0.0,0.4161528944969177,-4.0,0.0,0.0,0.0,0.0,-0.5,0.5,-0.5,0.5
7.2351495,negative_lateral_command,-0.5,-0.1268196552991867,-0.1268196552991867,0.0,0.4130185544490814,-4.0,0.0,0.0,0.0,0.0,-0.5,0.5,-0.5,0.5
7.268421,negative_lateral_command,-0.5,-0.07455632835626602,-0.07455632835626602,0.0,0.4098580777645111,-4.0,0.0,0.0,0.0,0.0,-0.5,0.5,-0.5,0.5
7.3017243,negative_lateral_command,-0.5,-0.12476371228694916,-0.12476371228694916,0.0,0.4066723585128784,-4.0,0.0,0.0,0.0,0.0,-0.5,0.5,-0.5,0.5
7.3351053,negative_lateral_command,-0.5,-0.11649011820554733,-0.11649011820554733,0.0,0.403462290763855,-4.0,0.0,0.0,0.0,0.0,-0.5,0.5,-0.5,0.5
7.368472199999999,negative_lateral_command,-0.5,-0.11652924865484238,-0.11652924865484238,0.0,0.40022870898246765,-4.0,0.0,0.0,0.0,0.0,-0.5,0.5,-0.5,0.5
7.401860300000001,negative_lateral_command,-0.5,-0.1384020894765854,-0.1384020894765854,0.0,0.3969723880290985,-4.0,0.0,0.0,0.0,0.0,-0.5,0.5,-0.5,0.5
7.435100800000001,negative_lateral_command,-0.5,-0.06923016905784607,-0.06923016905784607,0.0,0.393694132566452,-4.0,0.0,0.0,0.0,0.0,-0.5,0.5,-0.5,0.5
7.468555,negative_lateral_command,-0.5,-0.07176047563552856,-0.07176047563552856,0.0,0.3903946876525879,-4.0,0.0,0.0,0.0,0.0,-0.5,0.5,-0.5,0.5
7.50182,negative_lateral_command,-0.5,-0.09663598984479904,-0.09663598984479904,0.0,0.3870747983455658,-4.0,0.0,0.0,0.0,0.0,-0.5,0.5,-0.5,0.5
7.5351900999999994,negative_lateral_command,-0.5,-0.173670694231987,-0.173670694231987,0.0,0.38373512029647827,-4.0,0.0,0.0,0.0,0.0,-0.5,0.5,-0.5,0.5
7.5685272,negative_lateral_command,-0.5,-0.12676404416561127,-0.12676404416561127,0.0,0.380376398563385,-4.0,0.0,0.0,0.0,0.0,-0.5,0.5,-0.5,0.5
7.6018813000000005,negative_lateral_command,-0.5,-0.11052568256855011,-0.11052568256855011,0.0,0.37699922919273376,-4.0,0.0,0.0,0.0,0.0,-0.5,0.5,-0.5,0.5
7.6351327,negative_lateral_command,-0.5,-0.08081493526697159,-0.08081493526697159,0.0,0.37360426783561707,-4.0,0.0,0.0,0.0,0.0,-0.5,0.5,-0.5,0.5
7.6684605,negative_lateral_command,-0.5,-0.09611370414495468,-0.09611370414495468,0.0,0.37019211053848267,-4.0,0.0,0.0,0.0,0.0,-0.5,0.5,-0.5,0.5
7.701823000000001,negative_lateral_command,-0.5,-0.09490644186735153,-0.09490644186735153,0.0,0.3667633831501007,-4.0,0.0,0.0,0.0,0.0,-0.5,0.5,-0.5,0.5
7.7351188,negative_lateral_command,-0.5,-0.0866599977016449,-0.0866599977016449,0.0,0.36331865191459656,-4.0,0.0,0.0,0.0,0.0,-0.5,0.5,-0.5,0.5
7.768537,negative_lateral_command,-0.5,-0.09345635026693344,-0.09345635026693344,0.0,0.3598584234714508,-4.0,0.0,0.0,0.0,0.0,-0.5,0.5,-0.5,0.5
7.801979900000001,negative_lateral_command,-0.5,-0.1675342619419098,-0.1675342619419098,0.0,0.3563832640647888,-4.0,0.0,0.0,0.0,0.0,-0.5,0.5,-0.5,0.5
7.8351994000000005,negative_lateral_command,-0.5,-0.0709996148943901,-0.0709996148943901,0.0,0.3528936803340912,-4.0,0.0,0.0,0.0,0.0,-0.5,0.5,-0.5,0.5
7.8686287,negative_lateral_command,-0.5,-0.11721838265657425,-0.11721838265657425,0.0,0.3493901789188385,-4.0,0.0,0.0,0.0,0.0,-0.5,0.5,-0.5,0.5
7.901988900000001,negative_lateral_command,-0.5,-0.11286348849534988,-0.11286348849534988,0.0,0.34587323665618896,-4.0,0.0,0.0,0.0,0.0,-0.5,0.5,-0.5,0.5
7.935340699999999,negative_lateral_command,-0.5,-0.07036454975605011,-0.07036454975605011,0.0,0.342343270778656,-4.0,0.0,0.0,0.0,0.0,-0.5,0.5,-0.5,0.5
7.9686296,negative_lateral_command,-0.5,-0.07650299370288849,-0.07650299370288849,0.0,0.3388007879257202,-4.0,0.0,0.0,0.0,0.0,-0.5,0.5,-0.5,0.5
8.0019168,negative_lateral_command,-0.5,-0.07405535876750946,-0.07405535876750946,0.0,0.335246205329895,-4.0,0.0,0.0,0.0,0.0,-0.5,0.5,-0.5,0.5
8.0352975,negative_lateral_command,-0.5,-0.12852542102336884,-0.12852542102336884,0.0,0.33167991042137146,-4.0,0.0,0.0,0.0,0.0,-0.5,0.5,-0.5,0.5
8.0686033,negative_lateral_command,-0.5,-0.13179238140583038,-0.13179238140583038,0.0,0.32810235023498535,-4.0,0.0,0.0,0.0,0.0,-0.5,0.5,-0.5,0.5
8.1019867,negative_lateral_command,-0.5,-0.1192610040307045,-0.1192610040307045,0.0,0.32451388239860535,-4.0,0.0,0.0,0.0,0.0,-0.5,0.5,-0.5,0.5
8.1352876,negative_lateral_command,-0.5,-0.11713960021734238,-0.11713960021734238,0.0,0.3209148645401001,-4.0,0.0,0.0,0.0,0.0,-0.5,0.5,-0.5,0.5
8.168583400000001,negative_lateral_command,-0.5,-0.07315331697463989,-0.07315331697463989,0.0,0.31730571389198303,-4.0,0.0,0.0,0.0,0.0,-0.5,0.5,-0.5,0.5
8.2019381,negative_lateral_command,-0.5,-0.07754743844270706,-0.07754743844270706,0.0,0.313686728477478,-4.0,0.0,0.0,0.0,0.0,-0.5,0.5,-0.5,0.5
8.235364,negative_lateral_command,-0.5,-0.15499165654182434,-0.15499165654182434,0.0,0.31005826592445374,-4.0,0.0,0.0,0.0,0.0,-0.5,0.5,-0.5,0.5
8.2687153,negative_lateral_command,-0.5,-0.1420922428369522,-0.1420922428369522,0.0,0.3064206838607788,-4.0,0.0,0.0,0.0,0.0,-0.5,0.5,-0.5,0.5
8.3020951,negative_lateral_command,-0.5,-0.13979148864746094,-0.13979148864746094,0.0,0.30277422070503235,-4.0,0.0,0.0,0.0,0.0,-0.5,0.5,-0.5,0.5
8.3354131,negative_lateral_command,-0.5,-0.1275446116924286,-0.1275446116924286,0.0,0.2991192638874054,-4.0,0.0,0.0,0.0,0.0,-0.5,0.5,-0.5,0.5
8.3687318,negative_lateral_command,-0.5,-0.0799342542886734,-0.0799342542886734,0.0,0.29545605182647705,-4.0,0.0,0.0,0.0,0.0,-0.5,0.5,-0.5,0.5
8.4020382,negative_lateral_command,-0.5,-0.19782106578350067,-0.19782106578350067,0.0,0.2917848825454712,-4.0,0.0,0.0,0.0,0.0,-0.5,0.5,-0.5,0.5
8.4353961,negative_lateral_command,-0.5,-0.11605020612478256,-0.11605020612478256,0.0,0.2881060540676117,-4.0,0.0,0.0,0.0,0.0,-0.5,0.5,-0.5,0.5
8.468721200000001,negative_lateral_command,-0.5,-0.15507292747497559,-0.15507292747497559,0.0,0.28441980481147766,-4.0,0.0,0.0,0.0,0.0,-0.5,0.5,-0.5,0.5
8.5020786,negative_lateral_command,-0.5,-0.07640507817268372,-0.07640507817268372,0.0,0.2807264029979706,-4.0,0.0,0.0,0.0,0.0,-0.5,0.5,-0.5,0.5
8.5354394,negative_lateral_command,-0.5,-0.1237945705652237,-0.1237945705652237,0.0,0.27702605724334717,-4.0,0.0,0.0,0.0,0.0,-0.5,0.5,-0.5,0.5
8.5687273,negative_lateral_command,-0.5,-0.11997484415769577,-0.11997484415769577,0.0,0.2733190655708313,-4.0,0.0,0.0,0.0,0.0,-0.5,0.5,-0.5,0.5
8.6022589,negative_lateral_command,-0.5,-0.11912226676940918,-0.11912226676940918,0.0,0.2696056067943573,-4.0,0.0,0.0,0.0,0.0,-0.5,0.5,-0.5,0.5
8.6355707,negative_lateral_command,-0.5,-0.19310708343982697,-0.19310708343982697,0.0,0.26588594913482666,-4.0,0.0,0.0,0.0,0.0,-0.5,0.5,-0.5,0.5
8.6687986,negative_lateral_command,-0.5,-0.13810625672340393,-0.13810625672340393,0.0,0.2621602714061737,-4.0,0.0,0.0,0.0,0.0,-0.5,0.5,-0.5,0.5
8.7021081,negative_lateral_command,-0.5,-0.07458581775426865,-0.07458581775426865,0.0,0.25842878222465515,-4.0,0.0,0.0,0.0,0.0,-0.5,0.5,-0.5,0.5
8.7353872,negative_lateral_command,-0.5,-0.11595582962036133,-0.11595582962036133,0.0,0.2546917200088501,-4.0,0.0,0.0,0.0,0.0,-0.5,0.5,-0.5,0.5
8.7688137,negative_lateral_command,-0.5,-0.16536995768547058,-0.16536995768547058,0.0,0.2509492337703705,-4.0,0.0,0.0,0.0,0.0,-0.5,0.5,-0.5,0.5
8.8021808,negative_lateral_command,-0.5,-0.14542384445667267,-0.14542384445667267,0.0,0.24720151722431183,-4.0,0.0,0.0,0.0,0.0,-0.5,0.5,-0.5,0.5
8.8354711,negative_lateral_command,-0.5,-0.13314810395240784,-0.13314810395240784,0.0,0.24344876408576965,-4.0,0.0,0.0,0.0,0.0,-0.5,0.5,-0.5,0.5
8.868784100000001,negative_lateral_command,-0.5,-0.07740256190299988,-0.07740256190299988,0.0,0.23969115316867828,-4.0,0.0,0.0,0.0,0.0,-0.5,0.5,-0.5,0.5
8.9022009,negative_lateral_command,-0.5,-0.05178452283143997,-0.05178452283143997,0.0,0.23592883348464966,-4.0,0.0,0.0,0.0,0.0,-0.5,0.5,-0.5,0.5
8.9356241,negative_lateral_command,-0.5,-0.15134505927562714,-0.15134505927562714,0.0,0.2321619689464569,-4.0,0.0,0.0,0.0,0.0,-0.5,0.5,-0.5,0.5
8.9689035,negative_lateral_command,-0.5,-0.11687522381544113,-0.11687522381544113,0.0,0.22839073836803436,-4.0,0.0,0.0,0.0,0.0,-0.5,0.5,-0.5,0.5
9.0022305,negative_lateral_command,-0.5,-0.15955379605293274,-0.15955379605293274,0.0,0.22461526095867157,-4.0,0.0,0.0,0.0,0.0,-0.5,0.5,-0.5,0.5
9.0356418,negative_lateral_command,-0.5,-0.0887560322880745,-0.0887560322880745,0.0,0.22083570063114166,-4.0,0.0,0.0,0.0,0.0,-0.5,0.5,-0.5,0.5
9.0688231,negative_lateral_command,-0.5,-0.13041552901268005,-0.13041552901268005,0.0,0.21705220639705658,-4.0,0.0,0.0,0.0,0.0,-0.5,0.5,-0.5,0.5
9.102229,negative_lateral_command,-0.5,-0.06075180321931839,-0.06075180321931839,0.0,0.21326489746570587,-4.0,0.0,0.0,0.0,0.0,-0.5,0.5,-0.5,0.5
9.1355947,negative_lateral_command,-0.5,-0.09718666970729828,-0.09718666970729828,0.0,0.20947390794754028,-4.0,0.0,0.0,0.0,0.0,-0.5,0.5,-0.5,0.5
9.1688933,negative_lateral_command,-0.5,-0.08805341273546219,-0.08805341273546219,0.0,0.20567937195301056,-4.0,0.0,0.0,0.0,0.0,-0.5,0.5,-0.5,0.5
9.2022152,negative_lateral_command,-0.5,-0.06873802840709686,-0.06873802840709686,0.0,0.20188140869140625,-4.0,0.0,0.0,0.0,0.0,-0.5,0.5,-0.5,0.5
9.235528,negative_lateral_command,-0.5,-0.07580869644880295,-0.07580869644880295,0.0,0.1980801373720169,-4.0,0.0,0.0,0.0,0.0,-0.5,0.5,-0.5,0.5
9.2689613,negative_lateral_command,-0.5,-0.151490718126297,-0.151490718126297,0.0,0.1942756623029709,-4.0,0.0,0.0,0.0,0.0,-0.5,0.5,-0.5,0.5
9.3022576,negative_lateral_command,-0.5,-0.12632209062576294,-0.12632209062576294,0.0,0.19046811759471893,-4.0,0.0,0.0,0.0,0.0,-0.5,0.5,-0.5,0.5
9.3355762,negative_lateral_command,-0.5,-0.148292675614357,-0.148292675614357,0.0,0.18665757775306702,-4.0,0.0,0.0,0.0,0.0,-0.5,0.5,-0.5,0.5
9.3689217,negative_lateral_command,-0.5,-0.08663704991340637,-0.08663704991340637,0.0,0.18284417688846588,-4.0,0.0,0.0,0.0,0.0,-0.5,0.5,-0.5,0.5
9.4023105,negative_lateral_command,-0.5,-0.07936640828847885,-0.07936640828847885,0.0,0.1790279895067215,-4.0,0.0,0.0,0.0,0.0,-0.5,0.5,-0.5,0.5
9.435647,negative_lateral_command,-0.5,-0.1052078977227211,-0.1052078977227211,0.0,0.17520911991596222,-4.0,0.0,0.0,0.0,0.0,-0.5,0.5,-0.5,0.5
9.4689812,negative_lateral_command,-0.5,-0.13624826073646545,-0.13624826073646545,0.0,0.1713876575231552,-4.0,0.0,0.0,0.0,0.0,-0.5,0.5,-0.5,0.5
9.5023378,negative_lateral_command,-0.5,-0.12280970066785812,-0.12280970066785812,0.0,0.16756370663642883,-4.0,0.0,0.0,0.0,0.0,-0.5,0.5,-0.5,0.5
9.5356687,negative_lateral_command,-0.5,-0.07757578790187836,-0.07757578790187836,0.0,0.16373734176158905,-4.0,0.0,0.0,0.0,0.0,-0.5,0.5,-0.5,0.5
9.5689517,negative_lateral_command,-0.5,-0.12997068464756012,-0.12997068464756012,0.0,0.15990863740444183,-4.0,0.0,0.0,0.0,0.0,-0.5,0.5,-0.5,0.5
9.602327,negative_lateral_command,-0.5,-0.11598386615514755,-0.11598386615514755,0.0,0.15607768297195435,-4.0,0.0,0.0,0.0,0.0,-0.5,0.5,-0.5,0.5
9.6356719,negative_lateral_command,-0.5,-0.1261904090642929,-0.1261904090642929,0.0,0.15224456787109375,-4.0,0.0,0.0,0.0,0.0,-0.5,0.5,-0.5,0.5
9.6690637,negative_lateral_command,-0.5,-0.05828923359513283,-0.05828923359513283,0.0,0.14840935170650482,-4.0,0.0,0.0,0.0,0.0,-0.5,0.5,-0.5,0.5
9.7024027,negative_lateral_command,-0.5,-0.12308629602193832,-0.12308629602193832,0.0,0.14457210898399353,-4.0,0.0,0.0,0.0,0.0,-0.5,0.5,-0.5,0.5
9.7356704,negative_lateral_command,-0.5,-0.1370512843132019,-0.1370512843132019,0.0,0.14073289930820465,-4.0,0.0,0.0,0.0,0.0,-0.5,0.5,-0.5,0.5
9.7690543,negative_lateral_command,-0.5,-0.08443300426006317,-0.08443300426006317,0.0,0.13689181208610535,-4.0,0.0,0.0,0.0,0.0,-0.5,0.5,-0.5,0.5
9.8023782,negative_lateral_command,-0.5,-0.10575783252716064,-0.10575783252716064,0.0,0.1330489069223404,-4.0,0.0,0.0,0.0,0.0,-0.5,0.5,-0.5,0.5
9.8356906,negative_lateral_command,-0.5,-0.07612621039152145,-0.07612621039152145,0.0,0.12920424342155457,-4.0,0.0,0.0,0.0,0.0,-0.5,0.5,-0.5,0.5
9.8690526,negative_lateral_command,-0.5,-0.13719309866428375,-0.13719309866428375,0.0,0.12535788118839264,-4.0,0.0,0.0,0.0,0.0,-0.5,0.5,-0.5,0.5
9.902371200000001,negative_lateral_command,-0.5,-0.08570795506238937,-0.08570795506238937,0.0,0.1215098649263382,-4.0,0.0,0.0,0.0,0.0,-0.5,0.5,-0.5,0.5
9.9356795,negative_lateral_command,-0.5,-0.07442831993103027,-0.07442831993103027,0.0,0.1176602765917778,-4.0,0.0,0.0,0.0,0.0,-0.5,0.5,-0.5,0.5
9.9691052,negative_lateral_command,-0.5,-0.17866989970207214,-0.17866989970207214,0.0,0.11380915343761444,-4.0,0.0,0.0,0.0,0.0,-0.5,0.5,-0.5,0.5
10.002634500000001,negative_lateral_command,-0.5,-0.08257564157247543,-0.08257564157247543,0.0,0.10995655506849289,-4.0,0.0,0.0,0.0,0.0,-0.5,0.5,-0.5,0.5
